user0000001,be2a2ffe-746a-4d83-8866-0d308fbcf92f,Practitioner,"{""resourceType"": ""Practitioner"",""id"": ""user0000001"",""meta"": {""extension"": [{""url"": ""fhir-request-method"",""valueString"": ""POST""},{""url"": ""fhir-request-uri"",""valueUri"": ""Practitioner""}],""versionId"": ""be2a2ffe-746a-4d83-8866-0d308fbcf92f"",""lastUpdated"": ""2016-12-03T09:01:18.387Z""},""telecom"": [{""system"": ""phone"",""value"": ""349-833-4739"",""use"": ""home""},{""system"": ""phone"",""value"": ""1-577-555-6421 x49414"",""use"": ""work""},{""system"": ""phone"",""value"": ""(496) 505-3169"",""use"": ""mobile""},{""system"": ""email"",""value"": ""Benton.Beahan@yahoo.com"",""use"": ""home""} ],""role"": [{""code"": {""coding"": [{""system"": ""http://hl7.org/fhir/v2/0286"",""display"": ""General Practitioner"",""code"": ""doctor""} ]},""period"": {""start"": ""2011-02-01""},""organization"": {""reference"": ""Organization/fd7f676b-4732-4dae-b8e1-27b1d1ac57bc"",""display"": ""et ut""} } ],""name"": [{""family"": [""Ortiz""],""given"": [""Christian""],""prefix"": [""Mr.""]}]} ",2009-12-03T08:49:25.939Z,2009-12-03T08:49:25.939Z
user0000002,703037f7-fa3f-405c-9248-adf9fab80ca0,Practitioner,"{""resourceType"": ""Practitioner"",""id"": ""user0000002"",""meta"": {""extension"": [{""url"": ""fhir-request-method"",""valueString"": ""POST""},{""url"": ""fhir-request-uri"",""valueUri"": ""Practitioner""}],""versionId"": ""703037f7-fa3f-405c-9248-adf9fab80ca0"",""lastUpdated"": ""2015-09-12T15:13:16.304Z""},""telecom"": [{""system"": ""phone"",""value"": ""(204) 883-2565"",""use"": ""home""},{""system"": ""phone"",""value"": ""(576) 578-2021 x78520"",""use"": ""work""},{""system"": ""phone"",""value"": ""1-524-455-0298"",""use"": ""mobile""},{""system"": ""email"",""value"": ""Dulce47@yahoo.com"",""use"": ""home""} ],""role"": [{""code"": {""coding"": [{""system"": ""http://hl7.org/fhir/v2/0286"",""display"": ""General Practitioner"",""code"": ""doctor""} ]},""period"": {""start"": ""2010-12-06""},""organization"": {""reference"": ""Organization/8b943f26-0f82-4935-ae43-69e13a358aca"",""display"": ""quam hic""} } ],""name"": [{""family"": [""Bartoletti""],""given"": [""Ericka""],""prefix"": [""Mr.""]}]} ",2016-01-05T03:10:56.421Z,2016-01-05T03:10:56.421Z
user0000003,22f304fa-0766-433c-a88f-feb3f3d96de4,Practitioner,"{""resourceType"": ""Practitioner"",""id"": ""user0000003"",""meta"": {""extension"": [{""url"": ""fhir-request-method"",""valueString"": ""POST""},{""url"": ""fhir-request-uri"",""valueUri"": ""Practitioner""}],""versionId"": ""22f304fa-0766-433c-a88f-feb3f3d96de4"",""lastUpdated"": ""2016-11-10T15:53:04.549Z""},""telecom"": [{""system"": ""phone"",""value"": ""862-911-1035"",""use"": ""home""},{""system"": ""phone"",""value"": ""827-799-9657"",""use"": ""work""},{""system"": ""phone"",""value"": ""(042) 428-2491 x59705"",""use"": ""mobile""},{""system"": ""email"",""value"": ""Lucile93@gmail.com"",""use"": ""home""} ],""role"": [{""code"": {""coding"": [{""system"": ""http://hl7.org/fhir/v2/0286"",""display"": ""General Practitioner"",""code"": ""doctor""} ]},""period"": {""start"": ""2011-09-25""},""organization"": {""reference"": ""Organization/2f698ab6-a914-4085-9a21-43c66b9e4541"",""display"": ""similique possimus""} } ],""name"": [{""family"": [""Spinka""],""given"": [""Helena""],""prefix"": [""Ms.""]}]} ",2012-12-10T06:39:31.049Z,2012-12-10T06:39:31.049Z
user0000004,af4cecb2-702f-40b0-8336-4e3d71d13ce1,Practitioner,"{""resourceType"": ""Practitioner"",""id"": ""user0000004"",""meta"": {""extension"": [{""url"": ""fhir-request-method"",""valueString"": ""POST""},{""url"": ""fhir-request-uri"",""valueUri"": ""Practitioner""}],""versionId"": ""af4cecb2-702f-40b0-8336-4e3d71d13ce1"",""lastUpdated"": ""2015-12-29T18:03:05.783Z""},""telecom"": [{""system"": ""phone"",""value"": ""580.332.4582 x435"",""use"": ""home""},{""system"": ""phone"",""value"": ""1-254-003-9586 x853"",""use"": ""work""},{""system"": ""phone"",""value"": ""765.595.4786"",""use"": ""mobile""},{""system"": ""email"",""value"": ""Jennifer_Hayes@gmail.com"",""use"": ""home""} ],""role"": [{""code"": {""coding"": [{""system"": ""http://hl7.org/fhir/v2/0286"",""display"": ""General Practitioner"",""code"": ""doctor""} ]},""period"": {""start"": ""2014-01-09""},""organization"": {""reference"": ""Organization/daad5b03-f489-43f2-854b-a51655d41af6"",""display"": ""rerum dignissimos""} } ],""name"": [{""family"": [""Medhurst""],""given"": [""Godfrey""],""prefix"": [""Mrs.""]}]} ",2014-11-02T07:06:11.608Z,2014-11-02T07:06:11.608Z
user0000005,bf16a9fe-7a10-49bd-8271-461798adf2aa,Practitioner,"{""resourceType"": ""Practitioner"",""id"": ""user0000005"",""meta"": {""extension"": [{""url"": ""fhir-request-method"",""valueString"": ""POST""},{""url"": ""fhir-request-uri"",""valueUri"": ""Practitioner""}],""versionId"": ""bf16a9fe-7a10-49bd-8271-461798adf2aa"",""lastUpdated"": ""2017-07-03T15:58:55.255Z""},""telecom"": [{""system"": ""phone"",""value"": ""1-497-943-5732 x05955"",""use"": ""home""},{""system"": ""phone"",""value"": ""(462) 042-5784 x87719"",""use"": ""work""},{""system"": ""phone"",""value"": ""(879) 111-9662 x69847"",""use"": ""mobile""},{""system"": ""email"",""value"": ""Rosamond_Raynor@gmail.com"",""use"": ""home""} ],""role"": [{""code"": {""coding"": [{""system"": ""http://hl7.org/fhir/v2/0286"",""display"": ""General Practitioner"",""code"": ""doctor""} ]},""period"": {""start"": ""2008-04-13""},""organization"": {""reference"": ""Organization/033a7439-f82c-4042-9036-d7db8c0678ef"",""display"": ""sed reprehenderit""} } ],""name"": [{""family"": [""Towne""],""given"": [""Unique""],""prefix"": [""Mr.""]}]} ",2008-03-02T12:25:10.825Z,2008-03-02T12:25:10.825Z
user0000006,da3218b0-4c88-403c-ad97-006b772ee9c5,Practitioner,"{""resourceType"": ""Practitioner"",""id"": ""user0000006"",""meta"": {""extension"": [{""url"": ""fhir-request-method"",""valueString"": ""POST""},{""url"": ""fhir-request-uri"",""valueUri"": ""Practitioner""}],""versionId"": ""da3218b0-4c88-403c-ad97-006b772ee9c5"",""lastUpdated"": ""2016-03-13T05:52:58.011Z""},""telecom"": [{""system"": ""phone"",""value"": ""1-684-451-4632 x0605"",""use"": ""home""},{""system"": ""phone"",""value"": ""073.717.7495 x876"",""use"": ""work""},{""system"": ""phone"",""value"": ""(651) 224-8756 x022"",""use"": ""mobile""},{""system"": ""email"",""value"": ""Hermann_Rogahn@yahoo.com"",""use"": ""home""} ],""role"": [{""code"": {""coding"": [{""system"": ""http://hl7.org/fhir/v2/0286"",""display"": ""General Practitioner"",""code"": ""doctor""} ]},""period"": {""start"": ""2012-04-19""},""organization"": {""reference"": ""Organization/2f300a2e-30de-426d-9292-e982145234a1"",""display"": ""dolores dolorum""} } ],""name"": [{""family"": [""Bernhard""],""given"": [""Cordell""],""prefix"": [""Mr.""]}]} ",2016-01-18T01:07:29.436Z,2016-01-18T01:07:29.436Z
user0000007,e5c744a7-bb9f-4c58-9cac-17018f4b741d,Practitioner,"{""resourceType"": ""Practitioner"",""id"": ""user0000007"",""meta"": {""extension"": [{""url"": ""fhir-request-method"",""valueString"": ""POST""},{""url"": ""fhir-request-uri"",""valueUri"": ""Practitioner""}],""versionId"": ""e5c744a7-bb9f-4c58-9cac-17018f4b741d"",""lastUpdated"": ""2016-07-15T21:02:07.552Z""},""telecom"": [{""system"": ""phone"",""value"": ""067.229.7684 x01068"",""use"": ""home""},{""system"": ""phone"",""value"": ""998-635-9572 x347"",""use"": ""work""},{""system"": ""phone"",""value"": ""162.708.6156 x585"",""use"": ""mobile""},{""system"": ""email"",""value"": ""Frieda.Kerluke87@hotmail.com"",""use"": ""home""} ],""role"": [{""code"": {""coding"": [{""system"": ""http://hl7.org/fhir/v2/0286"",""display"": ""General Practitioner"",""code"": ""doctor""} ]},""period"": {""start"": ""2014-06-21""},""organization"": {""reference"": ""Organization/74dc6752-0134-459e-95e2-581ce973c554"",""display"": ""quia velit""} } ],""name"": [{""family"": [""Mayert""],""given"": [""Abbey""],""prefix"": [""Mrs.""]}]} ",2011-11-01T22:52:15.486Z,2011-11-01T22:52:15.486Z
user0000008,b2117511-e1e9-40e1-9827-93ff5543d82d,Practitioner,"{""resourceType"": ""Practitioner"",""id"": ""user0000008"",""meta"": {""extension"": [{""url"": ""fhir-request-method"",""valueString"": ""POST""},{""url"": ""fhir-request-uri"",""valueUri"": ""Practitioner""}],""versionId"": ""b2117511-e1e9-40e1-9827-93ff5543d82d"",""lastUpdated"": ""2016-10-19T01:08:49.214Z""},""telecom"": [{""system"": ""phone"",""value"": ""(450) 846-1616"",""use"": ""home""},{""system"": ""phone"",""value"": ""1-867-993-1265 x32385"",""use"": ""work""},{""system"": ""phone"",""value"": ""1-055-050-0074 x32101"",""use"": ""mobile""},{""system"": ""email"",""value"": ""Freida8@hotmail.com"",""use"": ""home""} ],""role"": [{""code"": {""coding"": [{""system"": ""http://hl7.org/fhir/v2/0286"",""display"": ""General Practitioner"",""code"": ""doctor""} ]},""period"": {""start"": ""2010-04-21""},""organization"": {""reference"": ""Organization/eaee9178-632d-406b-8c36-374593fbc645"",""display"": ""et provident""} } ],""name"": [{""family"": [""Cruickshank""],""given"": [""Sandy""],""prefix"": [""Dr.""]}]} ",2014-04-30T19:32:22.026Z,2014-04-30T19:32:22.026Z
user0000009,bf5b91ed-b640-4246-9b3d-f713ea3e9877,Practitioner,"{""resourceType"": ""Practitioner"",""id"": ""user0000009"",""meta"": {""extension"": [{""url"": ""fhir-request-method"",""valueString"": ""POST""},{""url"": ""fhir-request-uri"",""valueUri"": ""Practitioner""}],""versionId"": ""bf5b91ed-b640-4246-9b3d-f713ea3e9877"",""lastUpdated"": ""2016-12-22T00:21:10.871Z""},""telecom"": [{""system"": ""phone"",""value"": ""(350) 879-4857"",""use"": ""home""},{""system"": ""phone"",""value"": ""374.730.0139"",""use"": ""work""},{""system"": ""phone"",""value"": ""(338) 020-4377 x4759"",""use"": ""mobile""},{""system"": ""email"",""value"": ""Violette_Stracke95@gmail.com"",""use"": ""home""} ],""role"": [{""code"": {""coding"": [{""system"": ""http://hl7.org/fhir/v2/0286"",""display"": ""General Practitioner"",""code"": ""doctor""} ]},""period"": {""start"": ""2012-12-13""},""organization"": {""reference"": ""Organization/99a09be3-b12a-4781-883a-d86cbfbc5bfb"",""display"": ""enim labore""} } ],""name"": [{""family"": [""Cummerata""],""given"": [""Mireya""],""prefix"": [""Mrs.""]}]} ",2011-09-07T01:22:10.058Z,2011-09-07T01:22:10.058Z
user0000010,e7172350-e1f3-4a00-87d0-203f2c0bdbc3,Practitioner,"{""resourceType"": ""Practitioner"",""id"": ""user0000010"",""meta"": {""extension"": [{""url"": ""fhir-request-method"",""valueString"": ""POST""},{""url"": ""fhir-request-uri"",""valueUri"": ""Practitioner""}],""versionId"": ""e7172350-e1f3-4a00-87d0-203f2c0bdbc3"",""lastUpdated"": ""2017-07-30T05:10:47.142Z""},""telecom"": [{""system"": ""phone"",""value"": ""463.026.0537 x4756"",""use"": ""home""},{""system"": ""phone"",""value"": ""107.755.6655 x74278"",""use"": ""work""},{""system"": ""phone"",""value"": ""949-405-1580"",""use"": ""mobile""},{""system"": ""email"",""value"": ""Herminio87@hotmail.com"",""use"": ""home""} ],""role"": [{""code"": {""coding"": [{""system"": ""http://hl7.org/fhir/v2/0286"",""display"": ""General Practitioner"",""code"": ""doctor""} ]},""period"": {""start"": ""2012-12-25""},""organization"": {""reference"": ""Organization/eaee9178-632d-406b-8c36-374593fbc645"",""display"": ""cumque non""} } ],""name"": [{""family"": [""Ledner""],""given"": [""Nickolas""],""prefix"": [""Mr.""]}]} ",2016-03-22T09:06:19.947Z,2016-03-22T09:06:19.947Z
user0000011,d63929d4-d8b3-4af8-b605-483979797ab6,Practitioner,"{""resourceType"": ""Practitioner"",""id"": ""user0000011"",""meta"": {""extension"": [{""url"": ""fhir-request-method"",""valueString"": ""POST""},{""url"": ""fhir-request-uri"",""valueUri"": ""Practitioner""}],""versionId"": ""d63929d4-d8b3-4af8-b605-483979797ab6"",""lastUpdated"": ""2017-08-01T23:39:42.963Z""},""telecom"": [{""system"": ""phone"",""value"": ""(447) 961-6796 x686"",""use"": ""home""},{""system"": ""phone"",""value"": ""399.933.2756 x32818"",""use"": ""work""},{""system"": ""phone"",""value"": ""1-098-419-1686"",""use"": ""mobile""},{""system"": ""email"",""value"": ""Percy71@yahoo.com"",""use"": ""home""} ],""role"": [{""code"": {""coding"": [{""system"": ""http://hl7.org/fhir/v2/0286"",""display"": ""General Practitioner"",""code"": ""doctor""} ]},""period"": {""start"": ""2010-03-15""},""organization"": {""reference"": ""Organization/95e68623-3901-46dc-9c46-f272e3b7ff86"",""display"": ""quia eos""} } ],""name"": [{""family"": [""Fay""],""given"": [""Deonte""],""prefix"": [""Ms.""]}]} ",2015-04-01T00:56:00.541Z,2015-04-01T00:56:00.541Z
user0000012,6bb673e9-6bbf-48e4-a3df-90047cd1740e,Practitioner,"{""resourceType"": ""Practitioner"",""id"": ""user0000012"",""meta"": {""extension"": [{""url"": ""fhir-request-method"",""valueString"": ""POST""},{""url"": ""fhir-request-uri"",""valueUri"": ""Practitioner""}],""versionId"": ""6bb673e9-6bbf-48e4-a3df-90047cd1740e"",""lastUpdated"": ""2016-11-11T15:08:33.462Z""},""telecom"": [{""system"": ""phone"",""value"": ""(690) 067-5746 x9671"",""use"": ""home""},{""system"": ""phone"",""value"": ""(910) 098-2070"",""use"": ""work""},{""system"": ""phone"",""value"": ""(159) 898-5293 x90017"",""use"": ""mobile""},{""system"": ""email"",""value"": ""Retta69@gmail.com"",""use"": ""home""} ],""role"": [{""code"": {""coding"": [{""system"": ""http://hl7.org/fhir/v2/0286"",""display"": ""General Practitioner"",""code"": ""doctor""} ]},""period"": {""start"": ""2017-03-25""},""organization"": {""reference"": ""Organization/4d234be0-8202-45c8-a2f7-94957f1ecda1"",""display"": ""praesentium ut""} } ],""name"": [{""family"": [""Koelpin""],""given"": [""Nels""],""prefix"": [""Mrs.""]}]} ",2011-04-01T14:29:56.577Z,2011-04-01T14:29:56.577Z
user0000013,ffd674f9-8cbb-42a5-b672-6c0cc8713b50,Practitioner,"{""resourceType"": ""Practitioner"",""id"": ""user0000013"",""meta"": {""extension"": [{""url"": ""fhir-request-method"",""valueString"": ""POST""},{""url"": ""fhir-request-uri"",""valueUri"": ""Practitioner""}],""versionId"": ""ffd674f9-8cbb-42a5-b672-6c0cc8713b50"",""lastUpdated"": ""2017-03-14T02:55:56.630Z""},""telecom"": [{""system"": ""phone"",""value"": ""990.886.8585 x29652"",""use"": ""home""},{""system"": ""phone"",""value"": ""718.260.4578 x52465"",""use"": ""work""},{""system"": ""phone"",""value"": ""(729) 492-0218 x947"",""use"": ""mobile""},{""system"": ""email"",""value"": ""Rosina13@gmail.com"",""use"": ""home""} ],""role"": [{""code"": {""coding"": [{""system"": ""http://hl7.org/fhir/v2/0286"",""display"": ""General Practitioner"",""code"": ""doctor""} ]},""period"": {""start"": ""2013-12-12""},""organization"": {""reference"": ""Organization/de3da210-8139-461c-ba2a-b0fc21a69de6"",""display"": ""consequatur aperiam""} } ],""name"": [{""family"": [""Heidenreich""],""given"": [""Ransom""],""prefix"": [""Mr.""]}]} ",2010-01-15T09:46:56.307Z,2010-01-15T09:46:56.307Z
user0000014,2dd287be-cc64-42cb-8720-7f2e6d305065,Practitioner,"{""resourceType"": ""Practitioner"",""id"": ""user0000014"",""meta"": {""extension"": [{""url"": ""fhir-request-method"",""valueString"": ""POST""},{""url"": ""fhir-request-uri"",""valueUri"": ""Practitioner""}],""versionId"": ""2dd287be-cc64-42cb-8720-7f2e6d305065"",""lastUpdated"": ""2017-01-13T15:13:20.292Z""},""telecom"": [{""system"": ""phone"",""value"": ""111.607.6613"",""use"": ""home""},{""system"": ""phone"",""value"": ""(528) 071-7342"",""use"": ""work""},{""system"": ""phone"",""value"": ""333.147.4730 x574"",""use"": ""mobile""},{""system"": ""email"",""value"": ""Emanuel_Kiehn@yahoo.com"",""use"": ""home""} ],""role"": [{""code"": {""coding"": [{""system"": ""http://hl7.org/fhir/v2/0286"",""display"": ""General Practitioner"",""code"": ""doctor""} ]},""period"": {""start"": ""2012-06-11""},""organization"": {""reference"": ""Organization/9091f57d-1f8d-4f0c-885b-60c7ccf4cd4b"",""display"": ""atque nam""} } ],""name"": [{""family"": [""Wunsch""],""given"": [""Jerald""],""prefix"": [""Miss""]}]} ",2016-10-05T08:52:54.541Z,2016-10-05T08:52:54.541Z
user0000015,a58bcab4-af7c-4040-9952-5d66ac3168cb,Practitioner,"{""resourceType"": ""Practitioner"",""id"": ""user0000015"",""meta"": {""extension"": [{""url"": ""fhir-request-method"",""valueString"": ""POST""},{""url"": ""fhir-request-uri"",""valueUri"": ""Practitioner""}],""versionId"": ""a58bcab4-af7c-4040-9952-5d66ac3168cb"",""lastUpdated"": ""2016-03-13T04:24:24.454Z""},""telecom"": [{""system"": ""phone"",""value"": ""072-469-8408"",""use"": ""home""},{""system"": ""phone"",""value"": ""1-227-839-1239 x44027"",""use"": ""work""},{""system"": ""phone"",""value"": ""152-850-1564"",""use"": ""mobile""},{""system"": ""email"",""value"": ""Antonio.Kunze@yahoo.com"",""use"": ""home""} ],""role"": [{""code"": {""coding"": [{""system"": ""http://hl7.org/fhir/v2/0286"",""display"": ""General Practitioner"",""code"": ""doctor""} ]},""period"": {""start"": ""2014-11-03""},""organization"": {""reference"": ""Organization/4d234be0-8202-45c8-a2f7-94957f1ecda1"",""display"": ""deleniti voluptas""} } ],""name"": [{""family"": [""Hudson""],""given"": [""Abbigail""],""prefix"": [""Mr.""]}]} ",2016-04-18T06:45:00.578Z,2016-04-18T06:45:00.578Z
user0000016,a4d40f77-e416-443f-b8e7-954811723f5e,Practitioner,"{""resourceType"": ""Practitioner"",""id"": ""user0000016"",""meta"": {""extension"": [{""url"": ""fhir-request-method"",""valueString"": ""POST""},{""url"": ""fhir-request-uri"",""valueUri"": ""Practitioner""}],""versionId"": ""a4d40f77-e416-443f-b8e7-954811723f5e"",""lastUpdated"": ""2016-04-21T21:26:57.979Z""},""telecom"": [{""system"": ""phone"",""value"": ""768-901-5239"",""use"": ""home""},{""system"": ""phone"",""value"": ""(117) 116-5764"",""use"": ""work""},{""system"": ""phone"",""value"": ""138-011-9349"",""use"": ""mobile""},{""system"": ""email"",""value"": ""Jarrell67@yahoo.com"",""use"": ""home""} ],""role"": [{""code"": {""coding"": [{""system"": ""http://hl7.org/fhir/v2/0286"",""display"": ""General Practitioner"",""code"": ""doctor""} ]},""period"": {""start"": ""2008-12-27""},""organization"": {""reference"": ""Organization/869d10f5-bcf1-41b1-b2ec-d349481d6ab7"",""display"": ""perspiciatis nostrum""} } ],""name"": [{""family"": [""Von""],""given"": [""Cayla""],""prefix"": [""Dr.""]}]} ",2014-11-15T10:37:44.395Z,2014-11-15T10:37:44.395Z
user0000017,7952b7f5-900b-461d-9ba6-5060d77b70dc,Practitioner,"{""resourceType"": ""Practitioner"",""id"": ""user0000017"",""meta"": {""extension"": [{""url"": ""fhir-request-method"",""valueString"": ""POST""},{""url"": ""fhir-request-uri"",""valueUri"": ""Practitioner""}],""versionId"": ""7952b7f5-900b-461d-9ba6-5060d77b70dc"",""lastUpdated"": ""2016-06-22T11:31:39.737Z""},""telecom"": [{""system"": ""phone"",""value"": ""287.666.0450 x09870"",""use"": ""home""},{""system"": ""phone"",""value"": ""(009) 955-7425"",""use"": ""work""},{""system"": ""phone"",""value"": ""497-736-2262 x5867"",""use"": ""mobile""},{""system"": ""email"",""value"": ""Colin.Torphy@gmail.com"",""use"": ""home""} ],""role"": [{""code"": {""coding"": [{""system"": ""http://hl7.org/fhir/v2/0286"",""display"": ""General Practitioner"",""code"": ""doctor""} ]},""period"": {""start"": ""2009-03-20""},""organization"": {""reference"": ""Organization/34ac6acb-4e28-41e7-bc66-eaf796158370"",""display"": ""adipisci ipsam""} } ],""name"": [{""family"": [""Cruickshank""],""given"": [""Clementine""],""prefix"": [""Ms.""]}]} ",2009-07-28T21:19:17.714Z,2009-07-28T21:19:17.714Z
user0000018,1f889588-d805-4b53-8ee8-d736e0116b0d,Practitioner,"{""resourceType"": ""Practitioner"",""id"": ""user0000018"",""meta"": {""extension"": [{""url"": ""fhir-request-method"",""valueString"": ""POST""},{""url"": ""fhir-request-uri"",""valueUri"": ""Practitioner""}],""versionId"": ""1f889588-d805-4b53-8ee8-d736e0116b0d"",""lastUpdated"": ""2017-03-02T12:52:48.802Z""},""telecom"": [{""system"": ""phone"",""value"": ""148-800-9464"",""use"": ""home""},{""system"": ""phone"",""value"": ""1-240-469-4301 x290"",""use"": ""work""},{""system"": ""phone"",""value"": ""(995) 305-0111 x00868"",""use"": ""mobile""},{""system"": ""email"",""value"": ""Maximillia56@gmail.com"",""use"": ""home""} ],""role"": [{""code"": {""coding"": [{""system"": ""http://hl7.org/fhir/v2/0286"",""display"": ""General Practitioner"",""code"": ""doctor""} ]},""period"": {""start"": ""2009-01-21""},""organization"": {""reference"": ""Organization/95e68623-3901-46dc-9c46-f272e3b7ff86"",""display"": ""assumenda tempora""} } ],""name"": [{""family"": [""Wolf""],""given"": [""Haylie""],""prefix"": [""Ms.""]}]} ",2009-12-30T18:32:57.160Z,2009-12-30T18:32:57.160Z
user0000019,50ced157-053b-4fa8-a4ee-1d5e9739af00,Practitioner,"{""resourceType"": ""Practitioner"",""id"": ""user0000019"",""meta"": {""extension"": [{""url"": ""fhir-request-method"",""valueString"": ""POST""},{""url"": ""fhir-request-uri"",""valueUri"": ""Practitioner""}],""versionId"": ""50ced157-053b-4fa8-a4ee-1d5e9739af00"",""lastUpdated"": ""2016-02-20T05:12:03.417Z""},""telecom"": [{""system"": ""phone"",""value"": ""1-142-551-6148"",""use"": ""home""},{""system"": ""phone"",""value"": ""1-428-324-6078"",""use"": ""work""},{""system"": ""phone"",""value"": ""(835) 923-2099 x6113"",""use"": ""mobile""},{""system"": ""email"",""value"": ""Monserrat_Bode40@hotmail.com"",""use"": ""home""} ],""role"": [{""code"": {""coding"": [{""system"": ""http://hl7.org/fhir/v2/0286"",""display"": ""General Practitioner"",""code"": ""doctor""} ]},""period"": {""start"": ""2013-08-20""},""organization"": {""reference"": ""Organization/fa4d5ac2-e20f-4ff1-ac12-7dffd4e2b3d2"",""display"": ""dolorem cupiditate""} } ],""name"": [{""family"": [""Kilback""],""given"": [""Bert""],""prefix"": [""Mrs.""]}]} ",2017-05-13T07:08:27.186Z,2017-05-13T07:08:27.186Z
user0000020,3d737b7c-911e-4e87-94a2-46d46e4c67af,Practitioner,"{""resourceType"": ""Practitioner"",""id"": ""user0000020"",""meta"": {""extension"": [{""url"": ""fhir-request-method"",""valueString"": ""POST""},{""url"": ""fhir-request-uri"",""valueUri"": ""Practitioner""}],""versionId"": ""3d737b7c-911e-4e87-94a2-46d46e4c67af"",""lastUpdated"": ""2017-03-18T07:57:41.714Z""},""telecom"": [{""system"": ""phone"",""value"": ""1-244-070-9734 x572"",""use"": ""home""},{""system"": ""phone"",""value"": ""1-577-995-2270"",""use"": ""work""},{""system"": ""phone"",""value"": ""053.944.5663 x27048"",""use"": ""mobile""},{""system"": ""email"",""value"": ""Charles_Konopelski91@hotmail.com"",""use"": ""home""} ],""role"": [{""code"": {""coding"": [{""system"": ""http://hl7.org/fhir/v2/0286"",""display"": ""General Practitioner"",""code"": ""doctor""} ]},""period"": {""start"": ""2013-12-08""},""organization"": {""reference"": ""Organization/95e68623-3901-46dc-9c46-f272e3b7ff86"",""display"": ""libero doloribus""} } ],""name"": [{""family"": [""Sawayn""],""given"": [""Stanford""],""prefix"": [""Ms.""]}]} ",2010-08-31T21:12:45.149Z,2010-08-31T21:12:45.149Z
user0000021,91972347-6ce0-45da-97d1-7c550354d230,Practitioner,"{""resourceType"": ""Practitioner"",""id"": ""user0000021"",""meta"": {""extension"": [{""url"": ""fhir-request-method"",""valueString"": ""POST""},{""url"": ""fhir-request-uri"",""valueUri"": ""Practitioner""}],""versionId"": ""91972347-6ce0-45da-97d1-7c550354d230"",""lastUpdated"": ""2016-08-14T12:55:51.327Z""},""telecom"": [{""system"": ""phone"",""value"": ""(314) 504-8542 x7446"",""use"": ""home""},{""system"": ""phone"",""value"": ""990-465-7427 x8741"",""use"": ""work""},{""system"": ""phone"",""value"": ""670.947.2360 x0622"",""use"": ""mobile""},{""system"": ""email"",""value"": ""Ceasar.Blanda75@gmail.com"",""use"": ""home""} ],""role"": [{""code"": {""coding"": [{""system"": ""http://hl7.org/fhir/v2/0286"",""display"": ""General Practitioner"",""code"": ""doctor""} ]},""period"": {""start"": ""2008-03-14""},""organization"": {""reference"": ""Organization/eaee9178-632d-406b-8c36-374593fbc645"",""display"": ""assumenda velit""} } ],""name"": [{""family"": [""Schinner""],""given"": [""Arthur""],""prefix"": [""Mr.""]}]} ",2015-01-24T10:50:41.987Z,2015-01-24T10:50:41.987Z
user0000022,74511aaf-c173-4190-bcfb-03df41def450,Practitioner,"{""resourceType"": ""Practitioner"",""id"": ""user0000022"",""meta"": {""extension"": [{""url"": ""fhir-request-method"",""valueString"": ""POST""},{""url"": ""fhir-request-uri"",""valueUri"": ""Practitioner""}],""versionId"": ""74511aaf-c173-4190-bcfb-03df41def450"",""lastUpdated"": ""2016-05-06T19:38:35.840Z""},""telecom"": [{""system"": ""phone"",""value"": ""(618) 660-2973 x48188"",""use"": ""home""},{""system"": ""phone"",""value"": ""323.475.9648 x404"",""use"": ""work""},{""system"": ""phone"",""value"": ""1-384-068-7527 x67539"",""use"": ""mobile""},{""system"": ""email"",""value"": ""Adell.Ruecker87@yahoo.com"",""use"": ""home""} ],""role"": [{""code"": {""coding"": [{""system"": ""http://hl7.org/fhir/v2/0286"",""display"": ""General Practitioner"",""code"": ""doctor""} ]},""period"": {""start"": ""2009-12-13""},""organization"": {""reference"": ""Organization/9091f57d-1f8d-4f0c-885b-60c7ccf4cd4b"",""display"": ""numquam dolorem""} } ],""name"": [{""family"": [""Friesen""],""given"": [""Gregorio""],""prefix"": [""Dr.""]}]} ",2015-04-04T06:29:30.787Z,2015-04-04T06:29:30.787Z
user0000023,69800284-7663-4d5b-93fe-af03fe212509,Practitioner,"{""resourceType"": ""Practitioner"",""id"": ""user0000023"",""meta"": {""extension"": [{""url"": ""fhir-request-method"",""valueString"": ""POST""},{""url"": ""fhir-request-uri"",""valueUri"": ""Practitioner""}],""versionId"": ""69800284-7663-4d5b-93fe-af03fe212509"",""lastUpdated"": ""2017-04-01T08:28:02.119Z""},""telecom"": [{""system"": ""phone"",""value"": ""1-639-229-4196 x959"",""use"": ""home""},{""system"": ""phone"",""value"": ""953-734-7606 x1141"",""use"": ""work""},{""system"": ""phone"",""value"": ""1-185-832-0979 x282"",""use"": ""mobile""},{""system"": ""email"",""value"": ""Waino_Murphy@yahoo.com"",""use"": ""home""} ],""role"": [{""code"": {""coding"": [{""system"": ""http://hl7.org/fhir/v2/0286"",""display"": ""General Practitioner"",""code"": ""doctor""} ]},""period"": {""start"": ""2012-09-20""},""organization"": {""reference"": ""Organization/033a7439-f82c-4042-9036-d7db8c0678ef"",""display"": ""ut nulla""} } ],""name"": [{""family"": [""Predovic""],""given"": [""Rick""],""prefix"": [""Mrs.""]}]} ",2014-01-16T05:25:19.258Z,2014-01-16T05:25:19.258Z
user0000024,3026fed8-73cf-49e3-ba58-1978d4878c0c,Practitioner,"{""resourceType"": ""Practitioner"",""id"": ""user0000024"",""meta"": {""extension"": [{""url"": ""fhir-request-method"",""valueString"": ""POST""},{""url"": ""fhir-request-uri"",""valueUri"": ""Practitioner""}],""versionId"": ""3026fed8-73cf-49e3-ba58-1978d4878c0c"",""lastUpdated"": ""2016-09-23T17:03:21.662Z""},""telecom"": [{""system"": ""phone"",""value"": ""436-091-4137 x863"",""use"": ""home""},{""system"": ""phone"",""value"": ""351-810-1377 x0356"",""use"": ""work""},{""system"": ""phone"",""value"": ""545.485.0921 x3479"",""use"": ""mobile""},{""system"": ""email"",""value"": ""Ruby_Auer@yahoo.com"",""use"": ""home""} ],""role"": [{""code"": {""coding"": [{""system"": ""http://hl7.org/fhir/v2/0286"",""display"": ""General Practitioner"",""code"": ""doctor""} ]},""period"": {""start"": ""2016-01-13""},""organization"": {""reference"": ""Organization/fd7f676b-4732-4dae-b8e1-27b1d1ac57bc"",""display"": ""rerum ut""} } ],""name"": [{""family"": [""Luettgen""],""given"": [""Orlo""],""prefix"": [""Ms.""]}]} ",2013-05-24T13:29:50.556Z,2013-05-24T13:29:50.556Z
user0000025,7e3793f5-fd5e-47fa-89b1-1a5a1d3df2b5,Practitioner,"{""resourceType"": ""Practitioner"",""id"": ""user0000025"",""meta"": {""extension"": [{""url"": ""fhir-request-method"",""valueString"": ""POST""},{""url"": ""fhir-request-uri"",""valueUri"": ""Practitioner""}],""versionId"": ""7e3793f5-fd5e-47fa-89b1-1a5a1d3df2b5"",""lastUpdated"": ""2016-11-28T15:23:57.465Z""},""telecom"": [{""system"": ""phone"",""value"": ""1-287-720-3360"",""use"": ""home""},{""system"": ""phone"",""value"": ""726.566.9701"",""use"": ""work""},{""system"": ""phone"",""value"": ""1-434-792-8770 x15233"",""use"": ""mobile""},{""system"": ""email"",""value"": ""Anabel.Lakin38@hotmail.com"",""use"": ""home""} ],""role"": [{""code"": {""coding"": [{""system"": ""http://hl7.org/fhir/v2/0286"",""display"": ""General Practitioner"",""code"": ""doctor""} ]},""period"": {""start"": ""2008-11-28""},""organization"": {""reference"": ""Organization/221ee820-1ea6-407c-9101-6e1833e96974"",""display"": ""consequatur eveniet""} } ],""name"": [{""family"": [""Willms""],""given"": [""Janessa""],""prefix"": [""Mr.""]}]} ",2011-12-26T16:48:31.762Z,2011-12-26T16:48:31.762Z
user0000026,5f288bb0-0fbb-46e4-96d0-d97b2d5535b1,Practitioner,"{""resourceType"": ""Practitioner"",""id"": ""user0000026"",""meta"": {""extension"": [{""url"": ""fhir-request-method"",""valueString"": ""POST""},{""url"": ""fhir-request-uri"",""valueUri"": ""Practitioner""}],""versionId"": ""5f288bb0-0fbb-46e4-96d0-d97b2d5535b1"",""lastUpdated"": ""2016-11-02T20:24:37.951Z""},""telecom"": [{""system"": ""phone"",""value"": ""600.927.8846"",""use"": ""home""},{""system"": ""phone"",""value"": ""1-687-709-2949 x6198"",""use"": ""work""},{""system"": ""phone"",""value"": ""(203) 791-5287"",""use"": ""mobile""},{""system"": ""email"",""value"": ""Adah.Douglas@gmail.com"",""use"": ""home""} ],""role"": [{""code"": {""coding"": [{""system"": ""http://hl7.org/fhir/v2/0286"",""display"": ""General Practitioner"",""code"": ""doctor""} ]},""period"": {""start"": ""2010-07-14""},""organization"": {""reference"": ""Organization/869d10f5-bcf1-41b1-b2ec-d349481d6ab7"",""display"": ""ipsa dolor""} } ],""name"": [{""family"": [""Gleichner""],""given"": [""Alene""],""prefix"": [""Dr.""]}]} ",2011-05-10T19:40:32.352Z,2011-05-10T19:40:32.352Z
user0000027,119b9562-26da-4297-bf8a-2d28e099c624,Practitioner,"{""resourceType"": ""Practitioner"",""id"": ""user0000027"",""meta"": {""extension"": [{""url"": ""fhir-request-method"",""valueString"": ""POST""},{""url"": ""fhir-request-uri"",""valueUri"": ""Practitioner""}],""versionId"": ""119b9562-26da-4297-bf8a-2d28e099c624"",""lastUpdated"": ""2017-04-23T01:15:26.852Z""},""telecom"": [{""system"": ""phone"",""value"": ""(289) 511-4667 x74663"",""use"": ""home""},{""system"": ""phone"",""value"": ""101.916.6843 x561"",""use"": ""work""},{""system"": ""phone"",""value"": ""1-686-453-9448"",""use"": ""mobile""},{""system"": ""email"",""value"": ""Royce21@hotmail.com"",""use"": ""home""} ],""role"": [{""code"": {""coding"": [{""system"": ""http://hl7.org/fhir/v2/0286"",""display"": ""General Practitioner"",""code"": ""doctor""} ]},""period"": {""start"": ""2009-10-27""},""organization"": {""reference"": ""Organization/34ac6acb-4e28-41e7-bc66-eaf796158370"",""display"": ""veritatis sint""} } ],""name"": [{""family"": [""Bayer""],""given"": [""Malika""],""prefix"": [""Mr.""]}]} ",2012-05-16T20:48:45.196Z,2012-05-16T20:48:45.196Z
user0000028,a97e28d5-2515-40bf-b166-6dd9e61beaee,Practitioner,"{""resourceType"": ""Practitioner"",""id"": ""user0000028"",""meta"": {""extension"": [{""url"": ""fhir-request-method"",""valueString"": ""POST""},{""url"": ""fhir-request-uri"",""valueUri"": ""Practitioner""}],""versionId"": ""a97e28d5-2515-40bf-b166-6dd9e61beaee"",""lastUpdated"": ""2016-02-17T11:47:32.283Z""},""telecom"": [{""system"": ""phone"",""value"": ""1-347-575-4062"",""use"": ""home""},{""system"": ""phone"",""value"": ""1-506-509-4726 x494"",""use"": ""work""},{""system"": ""phone"",""value"": ""1-528-242-5714"",""use"": ""mobile""},{""system"": ""email"",""value"": ""Candice_Dickens56@yahoo.com"",""use"": ""home""} ],""role"": [{""code"": {""coding"": [{""system"": ""http://hl7.org/fhir/v2/0286"",""display"": ""General Practitioner"",""code"": ""doctor""} ]},""period"": {""start"": ""2012-10-26""},""organization"": {""reference"": ""Organization/74dc6752-0134-459e-95e2-581ce973c554"",""display"": ""possimus quia""} } ],""name"": [{""family"": [""Price""],""given"": [""Jenifer""],""prefix"": [""Mrs.""]}]} ",2010-11-18T02:12:10.697Z,2010-11-18T02:12:10.697Z
user0000029,6e629565-297a-4f1d-9cdf-121a9b417fd2,Practitioner,"{""resourceType"": ""Practitioner"",""id"": ""user0000029"",""meta"": {""extension"": [{""url"": ""fhir-request-method"",""valueString"": ""POST""},{""url"": ""fhir-request-uri"",""valueUri"": ""Practitioner""}],""versionId"": ""6e629565-297a-4f1d-9cdf-121a9b417fd2"",""lastUpdated"": ""2016-10-31T06:55:58.156Z""},""telecom"": [{""system"": ""phone"",""value"": ""(490) 060-8541 x103"",""use"": ""home""},{""system"": ""phone"",""value"": ""308-957-5892 x72273"",""use"": ""work""},{""system"": ""phone"",""value"": ""416.630.8953 x584"",""use"": ""mobile""},{""system"": ""email"",""value"": ""Torrey77@hotmail.com"",""use"": ""home""} ],""role"": [{""code"": {""coding"": [{""system"": ""http://hl7.org/fhir/v2/0286"",""display"": ""General Practitioner"",""code"": ""doctor""} ]},""period"": {""start"": ""2012-02-09""},""organization"": {""reference"": ""Organization/99a09be3-b12a-4781-883a-d86cbfbc5bfb"",""display"": ""quae odio""} } ],""name"": [{""family"": [""Kshlerin""],""given"": [""Rodger""],""prefix"": [""Miss""]}]} ",2016-11-18T06:07:25.021Z,2016-11-18T06:07:25.021Z
user0000030,4669a5fc-4273-4c1d-b3a1-68e95573963a,Practitioner,"{""resourceType"": ""Practitioner"",""id"": ""user0000030"",""meta"": {""extension"": [{""url"": ""fhir-request-method"",""valueString"": ""POST""},{""url"": ""fhir-request-uri"",""valueUri"": ""Practitioner""}],""versionId"": ""4669a5fc-4273-4c1d-b3a1-68e95573963a"",""lastUpdated"": ""2016-10-04T05:23:47.956Z""},""telecom"": [{""system"": ""phone"",""value"": ""(639) 802-6665 x11069"",""use"": ""home""},{""system"": ""phone"",""value"": ""(999) 227-9008 x4496"",""use"": ""work""},{""system"": ""phone"",""value"": ""(230) 149-6638 x57658"",""use"": ""mobile""},{""system"": ""email"",""value"": ""Vesta_Mayer89@gmail.com"",""use"": ""home""} ],""role"": [{""code"": {""coding"": [{""system"": ""http://hl7.org/fhir/v2/0286"",""display"": ""General Practitioner"",""code"": ""doctor""} ]},""period"": {""start"": ""2013-08-03""},""organization"": {""reference"": ""Organization/8855bfb2-06ce-4b86-bd1f-610cea122f9e"",""display"": ""voluptatem eos""} } ],""name"": [{""family"": [""Sporer""],""given"": [""Elvie""],""prefix"": [""Dr.""]}]} ",2014-11-13T06:56:56.499Z,2014-11-13T06:56:56.499Z
user0000031,0bb6268d-6f3f-456d-970a-12648f4532f9,Practitioner,"{""resourceType"": ""Practitioner"",""id"": ""user0000031"",""meta"": {""extension"": [{""url"": ""fhir-request-method"",""valueString"": ""POST""},{""url"": ""fhir-request-uri"",""valueUri"": ""Practitioner""}],""versionId"": ""0bb6268d-6f3f-456d-970a-12648f4532f9"",""lastUpdated"": ""2017-01-01T07:17:39.504Z""},""telecom"": [{""system"": ""phone"",""value"": ""345.969.9338 x69751"",""use"": ""home""},{""system"": ""phone"",""value"": ""1-294-000-4266 x711"",""use"": ""work""},{""system"": ""phone"",""value"": ""1-944-555-3530 x464"",""use"": ""mobile""},{""system"": ""email"",""value"": ""Jarrett.VonRueden@gmail.com"",""use"": ""home""} ],""role"": [{""code"": {""coding"": [{""system"": ""http://hl7.org/fhir/v2/0286"",""display"": ""General Practitioner"",""code"": ""doctor""} ]},""period"": {""start"": ""2010-09-13""},""organization"": {""reference"": ""Organization/fd7f676b-4732-4dae-b8e1-27b1d1ac57bc"",""display"": ""esse soluta""} } ],""name"": [{""family"": [""Bechtelar""],""given"": [""Aletha""],""prefix"": [""Mrs.""]}]} ",2009-12-15T10:06:10.156Z,2009-12-15T10:06:10.156Z
user0000032,053fd69c-8a8b-4c10-aa39-2a9445c9265e,Practitioner,"{""resourceType"": ""Practitioner"",""id"": ""user0000032"",""meta"": {""extension"": [{""url"": ""fhir-request-method"",""valueString"": ""POST""},{""url"": ""fhir-request-uri"",""valueUri"": ""Practitioner""}],""versionId"": ""053fd69c-8a8b-4c10-aa39-2a9445c9265e"",""lastUpdated"": ""2016-09-16T11:21:47.619Z""},""telecom"": [{""system"": ""phone"",""value"": ""854-662-7981"",""use"": ""home""},{""system"": ""phone"",""value"": ""743.619.9989 x747"",""use"": ""work""},{""system"": ""phone"",""value"": ""(468) 637-3854"",""use"": ""mobile""},{""system"": ""email"",""value"": ""Asia63@hotmail.com"",""use"": ""home""} ],""role"": [{""code"": {""coding"": [{""system"": ""http://hl7.org/fhir/v2/0286"",""display"": ""General Practitioner"",""code"": ""doctor""} ]},""period"": {""start"": ""2010-01-16""},""organization"": {""reference"": ""Organization/99a09be3-b12a-4781-883a-d86cbfbc5bfb"",""display"": ""reiciendis rerum""} } ],""name"": [{""family"": [""Mante""],""given"": [""Polly""],""prefix"": [""Miss""]}]} ",2011-05-11T08:07:04.859Z,2011-05-11T08:07:04.859Z
user0000033,777de2b0-b4c2-4ff9-9a44-7d5bac38ce9e,Practitioner,"{""resourceType"": ""Practitioner"",""id"": ""user0000033"",""meta"": {""extension"": [{""url"": ""fhir-request-method"",""valueString"": ""POST""},{""url"": ""fhir-request-uri"",""valueUri"": ""Practitioner""}],""versionId"": ""777de2b0-b4c2-4ff9-9a44-7d5bac38ce9e"",""lastUpdated"": ""2016-01-02T17:59:38.138Z""},""telecom"": [{""system"": ""phone"",""value"": ""502-869-4416 x1285"",""use"": ""home""},{""system"": ""phone"",""value"": ""(606) 063-6278 x4348"",""use"": ""work""},{""system"": ""phone"",""value"": ""1-275-868-4542 x15189"",""use"": ""mobile""},{""system"": ""email"",""value"": ""Isaac51@gmail.com"",""use"": ""home""} ],""role"": [{""code"": {""coding"": [{""system"": ""http://hl7.org/fhir/v2/0286"",""display"": ""General Practitioner"",""code"": ""doctor""} ]},""period"": {""start"": ""2009-12-24""},""organization"": {""reference"": ""Organization/2f300a2e-30de-426d-9292-e982145234a1"",""display"": ""eum omnis""} } ],""name"": [{""family"": [""Rempel""],""given"": [""Shaniya""],""prefix"": [""Ms.""]}]} ",2014-07-21T12:05:41.164Z,2014-07-21T12:05:41.164Z
user0000034,6982424f-8061-4ed3-9894-0423c1716ed3,Practitioner,"{""resourceType"": ""Practitioner"",""id"": ""user0000034"",""meta"": {""extension"": [{""url"": ""fhir-request-method"",""valueString"": ""POST""},{""url"": ""fhir-request-uri"",""valueUri"": ""Practitioner""}],""versionId"": ""6982424f-8061-4ed3-9894-0423c1716ed3"",""lastUpdated"": ""2017-07-08T12:42:46.861Z""},""telecom"": [{""system"": ""phone"",""value"": ""(918) 544-9730 x664"",""use"": ""home""},{""system"": ""phone"",""value"": ""(680) 227-6520 x284"",""use"": ""work""},{""system"": ""phone"",""value"": ""1-036-078-2926"",""use"": ""mobile""},{""system"": ""email"",""value"": ""Trudie.Corwin24@gmail.com"",""use"": ""home""} ],""role"": [{""code"": {""coding"": [{""system"": ""http://hl7.org/fhir/v2/0286"",""display"": ""General Practitioner"",""code"": ""doctor""} ]},""period"": {""start"": ""2009-08-26""},""organization"": {""reference"": ""Organization/fa4d5ac2-e20f-4ff1-ac12-7dffd4e2b3d2"",""display"": ""dolorem enim""} } ],""name"": [{""family"": [""Larkin""],""given"": [""Gaylord""],""prefix"": [""Mr.""]}]} ",2013-07-15T23:34:03.084Z,2013-07-15T23:34:03.084Z
user0000035,d0262a0e-cf87-484f-9950-c580e29830c3,Practitioner,"{""resourceType"": ""Practitioner"",""id"": ""user0000035"",""meta"": {""extension"": [{""url"": ""fhir-request-method"",""valueString"": ""POST""},{""url"": ""fhir-request-uri"",""valueUri"": ""Practitioner""}],""versionId"": ""d0262a0e-cf87-484f-9950-c580e29830c3"",""lastUpdated"": ""2015-09-13T09:06:31.634Z""},""telecom"": [{""system"": ""phone"",""value"": ""923-961-0858"",""use"": ""home""},{""system"": ""phone"",""value"": ""228-272-4375"",""use"": ""work""},{""system"": ""phone"",""value"": ""1-233-318-0595"",""use"": ""mobile""},{""system"": ""email"",""value"": ""Garett81@yahoo.com"",""use"": ""home""} ],""role"": [{""code"": {""coding"": [{""system"": ""http://hl7.org/fhir/v2/0286"",""display"": ""General Practitioner"",""code"": ""doctor""} ]},""period"": {""start"": ""2011-02-03""},""organization"": {""reference"": ""Organization/eaee9178-632d-406b-8c36-374593fbc645"",""display"": ""minus velit""} } ],""name"": [{""family"": [""Prohaska""],""given"": [""Christelle""],""prefix"": [""Dr.""]}]} ",2011-12-04T21:02:33.485Z,2011-12-04T21:02:33.485Z
user0000036,f1aaac6b-cb38-4f61-9bbf-95ba83678e4e,Practitioner,"{""resourceType"": ""Practitioner"",""id"": ""user0000036"",""meta"": {""extension"": [{""url"": ""fhir-request-method"",""valueString"": ""POST""},{""url"": ""fhir-request-uri"",""valueUri"": ""Practitioner""}],""versionId"": ""f1aaac6b-cb38-4f61-9bbf-95ba83678e4e"",""lastUpdated"": ""2016-04-04T07:57:03.683Z""},""telecom"": [{""system"": ""phone"",""value"": ""093.532.1916"",""use"": ""home""},{""system"": ""phone"",""value"": ""(098) 956-9032"",""use"": ""work""},{""system"": ""phone"",""value"": ""1-056-560-7392 x37204"",""use"": ""mobile""},{""system"": ""email"",""value"": ""Andreanne_Ward@hotmail.com"",""use"": ""home""} ],""role"": [{""code"": {""coding"": [{""system"": ""http://hl7.org/fhir/v2/0286"",""display"": ""General Practitioner"",""code"": ""doctor""} ]},""period"": {""start"": ""2012-08-15""},""organization"": {""reference"": ""Organization/74dc6752-0134-459e-95e2-581ce973c554"",""display"": ""veritatis quis""} } ],""name"": [{""family"": [""Waters""],""given"": [""Lon""],""prefix"": [""Mr.""]}]} ",2011-05-03T15:20:47.010Z,2011-05-03T15:20:47.010Z
user0000037,bfc33386-3c40-43cf-861d-cbcc0a8f2759,Practitioner,"{""resourceType"": ""Practitioner"",""id"": ""user0000037"",""meta"": {""extension"": [{""url"": ""fhir-request-method"",""valueString"": ""POST""},{""url"": ""fhir-request-uri"",""valueUri"": ""Practitioner""}],""versionId"": ""bfc33386-3c40-43cf-861d-cbcc0a8f2759"",""lastUpdated"": ""2016-07-01T08:08:33.849Z""},""telecom"": [{""system"": ""phone"",""value"": ""163.239.4056 x336"",""use"": ""home""},{""system"": ""phone"",""value"": ""414-017-4593"",""use"": ""work""},{""system"": ""phone"",""value"": ""(412) 733-0026"",""use"": ""mobile""},{""system"": ""email"",""value"": ""Rebecca.Schmeler55@hotmail.com"",""use"": ""home""} ],""role"": [{""code"": {""coding"": [{""system"": ""http://hl7.org/fhir/v2/0286"",""display"": ""General Practitioner"",""code"": ""doctor""} ]},""period"": {""start"": ""2014-01-05""},""organization"": {""reference"": ""Organization/8b943f26-0f82-4935-ae43-69e13a358aca"",""display"": ""tempore enim""} } ],""name"": [{""family"": [""Rempel""],""given"": [""Kayli""],""prefix"": [""Mrs.""]}]} ",2014-05-16T17:54:26.382Z,2014-05-16T17:54:26.382Z
user0000038,082d2677-3b4e-4834-9eac-49a1f8ffadcb,Practitioner,"{""resourceType"": ""Practitioner"",""id"": ""user0000038"",""meta"": {""extension"": [{""url"": ""fhir-request-method"",""valueString"": ""POST""},{""url"": ""fhir-request-uri"",""valueUri"": ""Practitioner""}],""versionId"": ""082d2677-3b4e-4834-9eac-49a1f8ffadcb"",""lastUpdated"": ""2016-07-31T03:18:53.660Z""},""telecom"": [{""system"": ""phone"",""value"": ""(357) 129-8226"",""use"": ""home""},{""system"": ""phone"",""value"": ""871.535.4399 x82091"",""use"": ""work""},{""system"": ""phone"",""value"": ""(975) 731-9097"",""use"": ""mobile""},{""system"": ""email"",""value"": ""Hiram71@gmail.com"",""use"": ""home""} ],""role"": [{""code"": {""coding"": [{""system"": ""http://hl7.org/fhir/v2/0286"",""display"": ""General Practitioner"",""code"": ""doctor""} ]},""period"": {""start"": ""2010-10-07""},""organization"": {""reference"": ""Organization/74dc6752-0134-459e-95e2-581ce973c554"",""display"": ""qui odio""} } ],""name"": [{""family"": [""Sawayn""],""given"": [""Yessenia""],""prefix"": [""Mrs.""]}]} ",2013-01-08T10:18:01.520Z,2013-01-08T10:18:01.520Z
user0000039,bed4c4b9-dc9c-43b6-b890-f8f0990cc304,Practitioner,"{""resourceType"": ""Practitioner"",""id"": ""user0000039"",""meta"": {""extension"": [{""url"": ""fhir-request-method"",""valueString"": ""POST""},{""url"": ""fhir-request-uri"",""valueUri"": ""Practitioner""}],""versionId"": ""bed4c4b9-dc9c-43b6-b890-f8f0990cc304"",""lastUpdated"": ""2016-10-15T11:55:44.247Z""},""telecom"": [{""system"": ""phone"",""value"": ""(364) 545-6545"",""use"": ""home""},{""system"": ""phone"",""value"": ""(626) 402-1560 x655"",""use"": ""work""},{""system"": ""phone"",""value"": ""050.442.2770"",""use"": ""mobile""},{""system"": ""email"",""value"": ""Mary.Kulas@hotmail.com"",""use"": ""home""} ],""role"": [{""code"": {""coding"": [{""system"": ""http://hl7.org/fhir/v2/0286"",""display"": ""General Practitioner"",""code"": ""doctor""} ]},""period"": {""start"": ""2009-04-17""},""organization"": {""reference"": ""Organization/34ac6acb-4e28-41e7-bc66-eaf796158370"",""display"": ""quibusdam ut""} } ],""name"": [{""family"": [""Kulas""],""given"": [""Virginie""],""prefix"": [""Dr.""]}]} ",2016-03-02T16:41:30.277Z,2016-03-02T16:41:30.277Z
user0000040,39270714-0be2-4a9e-8e1a-da4f59f03286,Practitioner,"{""resourceType"": ""Practitioner"",""id"": ""user0000040"",""meta"": {""extension"": [{""url"": ""fhir-request-method"",""valueString"": ""POST""},{""url"": ""fhir-request-uri"",""valueUri"": ""Practitioner""}],""versionId"": ""39270714-0be2-4a9e-8e1a-da4f59f03286"",""lastUpdated"": ""2017-08-08T22:58:29.175Z""},""telecom"": [{""system"": ""phone"",""value"": ""(754) 285-4779"",""use"": ""home""},{""system"": ""phone"",""value"": ""(510) 989-6268 x5745"",""use"": ""work""},{""system"": ""phone"",""value"": ""960-992-5844"",""use"": ""mobile""},{""system"": ""email"",""value"": ""Khalil.Senger49@hotmail.com"",""use"": ""home""} ],""role"": [{""code"": {""coding"": [{""system"": ""http://hl7.org/fhir/v2/0286"",""display"": ""General Practitioner"",""code"": ""doctor""} ]},""period"": {""start"": ""2012-09-21""},""organization"": {""reference"": ""Organization/99a09be3-b12a-4781-883a-d86cbfbc5bfb"",""display"": ""in mollitia""} } ],""name"": [{""family"": [""Legros""],""given"": [""Zachery""],""prefix"": [""Mrs.""]}]} ",2015-10-26T06:53:17.717Z,2015-10-26T06:53:17.717Z
user0000041,1a11e3b2-f0a7-4f9c-9544-5e16dd80126d,Practitioner,"{""resourceType"": ""Practitioner"",""id"": ""user0000041"",""meta"": {""extension"": [{""url"": ""fhir-request-method"",""valueString"": ""POST""},{""url"": ""fhir-request-uri"",""valueUri"": ""Practitioner""}],""versionId"": ""1a11e3b2-f0a7-4f9c-9544-5e16dd80126d"",""lastUpdated"": ""2015-10-29T06:05:11.394Z""},""telecom"": [{""system"": ""phone"",""value"": ""1-825-748-3541 x37345"",""use"": ""home""},{""system"": ""phone"",""value"": ""1-257-700-5363"",""use"": ""work""},{""system"": ""phone"",""value"": ""910.902.8270"",""use"": ""mobile""},{""system"": ""email"",""value"": ""Abigail21@hotmail.com"",""use"": ""home""} ],""role"": [{""code"": {""coding"": [{""system"": ""http://hl7.org/fhir/v2/0286"",""display"": ""General Practitioner"",""code"": ""doctor""} ]},""period"": {""start"": ""2009-02-26""},""organization"": {""reference"": ""Organization/ce502fb9-b882-4d03-bf6a-437a89b7d1e1"",""display"": ""dolor consequatur""} } ],""name"": [{""family"": [""Cole""],""given"": [""Patience""],""prefix"": [""Miss""]}]} ",2008-09-17T22:33:18.440Z,2008-09-17T22:33:18.440Z
user0000042,8099f75b-f191-4bb4-b4e6-a3db8ae6e60b,Practitioner,"{""resourceType"": ""Practitioner"",""id"": ""user0000042"",""meta"": {""extension"": [{""url"": ""fhir-request-method"",""valueString"": ""POST""},{""url"": ""fhir-request-uri"",""valueUri"": ""Practitioner""}],""versionId"": ""8099f75b-f191-4bb4-b4e6-a3db8ae6e60b"",""lastUpdated"": ""2016-07-29T16:19:45.422Z""},""telecom"": [{""system"": ""phone"",""value"": ""109.416.0813 x9730"",""use"": ""home""},{""system"": ""phone"",""value"": ""1-728-236-3442 x0882"",""use"": ""work""},{""system"": ""phone"",""value"": ""(365) 656-2595"",""use"": ""mobile""},{""system"": ""email"",""value"": ""Brown51@hotmail.com"",""use"": ""home""} ],""role"": [{""code"": {""coding"": [{""system"": ""http://hl7.org/fhir/v2/0286"",""display"": ""General Practitioner"",""code"": ""doctor""} ]},""period"": {""start"": ""2012-02-24""},""organization"": {""reference"": ""Organization/6fec86fd-c2b9-45e3-a926-29dbc5ad4bc0"",""display"": ""et perspiciatis""} } ],""name"": [{""family"": [""Sipes""],""given"": [""Ashley""],""prefix"": [""Mr.""]}]} ",2013-11-07T18:35:07.484Z,2013-11-07T18:35:07.484Z
user0000043,efef76cc-58ed-4eb0-adae-df6a7175e990,Practitioner,"{""resourceType"": ""Practitioner"",""id"": ""user0000043"",""meta"": {""extension"": [{""url"": ""fhir-request-method"",""valueString"": ""POST""},{""url"": ""fhir-request-uri"",""valueUri"": ""Practitioner""}],""versionId"": ""efef76cc-58ed-4eb0-adae-df6a7175e990"",""lastUpdated"": ""2015-11-10T09:43:18.135Z""},""telecom"": [{""system"": ""phone"",""value"": ""299-273-2950"",""use"": ""home""},{""system"": ""phone"",""value"": ""604-028-6432 x2017"",""use"": ""work""},{""system"": ""phone"",""value"": ""035-063-2133 x73951"",""use"": ""mobile""},{""system"": ""email"",""value"": ""Montana_Orn55@hotmail.com"",""use"": ""home""} ],""role"": [{""code"": {""coding"": [{""system"": ""http://hl7.org/fhir/v2/0286"",""display"": ""General Practitioner"",""code"": ""doctor""} ]},""period"": {""start"": ""2011-06-25""},""organization"": {""reference"": ""Organization/de3da210-8139-461c-ba2a-b0fc21a69de6"",""display"": ""numquam neque""} } ],""name"": [{""family"": [""Berge""],""given"": [""Donny""],""prefix"": [""Mrs.""]}]} ",2016-04-15T06:25:20.978Z,2016-04-15T06:25:20.978Z
user0000044,d37764ef-21fb-482b-a49f-6403ba3bdda0,Practitioner,"{""resourceType"": ""Practitioner"",""id"": ""user0000044"",""meta"": {""extension"": [{""url"": ""fhir-request-method"",""valueString"": ""POST""},{""url"": ""fhir-request-uri"",""valueUri"": ""Practitioner""}],""versionId"": ""d37764ef-21fb-482b-a49f-6403ba3bdda0"",""lastUpdated"": ""2017-02-24T06:25:39.005Z""},""telecom"": [{""system"": ""phone"",""value"": ""253-489-2504"",""use"": ""home""},{""system"": ""phone"",""value"": ""1-281-191-6734 x806"",""use"": ""work""},{""system"": ""phone"",""value"": ""(353) 573-1389"",""use"": ""mobile""},{""system"": ""email"",""value"": ""Ford14@gmail.com"",""use"": ""home""} ],""role"": [{""code"": {""coding"": [{""system"": ""http://hl7.org/fhir/v2/0286"",""display"": ""General Practitioner"",""code"": ""doctor""} ]},""period"": {""start"": ""2010-01-28""},""organization"": {""reference"": ""Organization/869d10f5-bcf1-41b1-b2ec-d349481d6ab7"",""display"": ""unde ut""} } ],""name"": [{""family"": [""Torp""],""given"": [""Grayce""],""prefix"": [""Mr.""]}]} ",2010-06-19T00:23:18.893Z,2010-06-19T00:23:18.893Z
user0000045,8fd8e979-844a-4b07-8842-58d1de769c10,Practitioner,"{""resourceType"": ""Practitioner"",""id"": ""user0000045"",""meta"": {""extension"": [{""url"": ""fhir-request-method"",""valueString"": ""POST""},{""url"": ""fhir-request-uri"",""valueUri"": ""Practitioner""}],""versionId"": ""8fd8e979-844a-4b07-8842-58d1de769c10"",""lastUpdated"": ""2015-10-01T23:27:11.804Z""},""telecom"": [{""system"": ""phone"",""value"": ""(429) 655-7224 x99298"",""use"": ""home""},{""system"": ""phone"",""value"": ""336-629-7131"",""use"": ""work""},{""system"": ""phone"",""value"": ""416.590.9270 x7328"",""use"": ""mobile""},{""system"": ""email"",""value"": ""Carlo_Jast@hotmail.com"",""use"": ""home""} ],""role"": [{""code"": {""coding"": [{""system"": ""http://hl7.org/fhir/v2/0286"",""display"": ""General Practitioner"",""code"": ""doctor""} ]},""period"": {""start"": ""2016-02-11""},""organization"": {""reference"": ""Organization/eaee9178-632d-406b-8c36-374593fbc645"",""display"": ""voluptas aspernatur""} } ],""name"": [{""family"": [""Bauch""],""given"": [""Matilde""],""prefix"": [""Miss""]}]} ",2013-05-29T21:54:01.818Z,2013-05-29T21:54:01.818Z
user0000046,4c4b2b12-af43-4034-8a12-51bdbaa09191,Practitioner,"{""resourceType"": ""Practitioner"",""id"": ""user0000046"",""meta"": {""extension"": [{""url"": ""fhir-request-method"",""valueString"": ""POST""},{""url"": ""fhir-request-uri"",""valueUri"": ""Practitioner""}],""versionId"": ""4c4b2b12-af43-4034-8a12-51bdbaa09191"",""lastUpdated"": ""2017-02-19T07:42:03.231Z""},""telecom"": [{""system"": ""phone"",""value"": ""251-426-2016"",""use"": ""home""},{""system"": ""phone"",""value"": ""1-091-351-2017 x176"",""use"": ""work""},{""system"": ""phone"",""value"": ""098.186.3016 x83646"",""use"": ""mobile""},{""system"": ""email"",""value"": ""Lisa_Gerlach@yahoo.com"",""use"": ""home""} ],""role"": [{""code"": {""coding"": [{""system"": ""http://hl7.org/fhir/v2/0286"",""display"": ""General Practitioner"",""code"": ""doctor""} ]},""period"": {""start"": ""2008-11-26""},""organization"": {""reference"": ""Organization/6fec86fd-c2b9-45e3-a926-29dbc5ad4bc0"",""display"": ""et voluptas""} } ],""name"": [{""family"": [""Koch""],""given"": [""Justine""],""prefix"": [""Ms.""]}]} ",2008-03-11T19:55:36.483Z,2008-03-11T19:55:36.483Z
user0000047,c826154d-239e-4342-b1c6-5a81404777a3,Practitioner,"{""resourceType"": ""Practitioner"",""id"": ""user0000047"",""meta"": {""extension"": [{""url"": ""fhir-request-method"",""valueString"": ""POST""},{""url"": ""fhir-request-uri"",""valueUri"": ""Practitioner""}],""versionId"": ""c826154d-239e-4342-b1c6-5a81404777a3"",""lastUpdated"": ""2016-04-27T03:47:30.308Z""},""telecom"": [{""system"": ""phone"",""value"": ""921-565-0861"",""use"": ""home""},{""system"": ""phone"",""value"": ""780-052-4888 x44570"",""use"": ""work""},{""system"": ""phone"",""value"": ""(196) 685-2630 x173"",""use"": ""mobile""},{""system"": ""email"",""value"": ""Otha67@hotmail.com"",""use"": ""home""} ],""role"": [{""code"": {""coding"": [{""system"": ""http://hl7.org/fhir/v2/0286"",""display"": ""General Practitioner"",""code"": ""doctor""} ]},""period"": {""start"": ""2008-05-23""},""organization"": {""reference"": ""Organization/daad5b03-f489-43f2-854b-a51655d41af6"",""display"": ""perferendis quisquam""} } ],""name"": [{""family"": [""Schimmel""],""given"": [""Ruthe""],""prefix"": [""Miss""]}]} ",2014-10-15T21:52:03.558Z,2014-10-15T21:52:03.558Z
user0000048,45ce6fd3-6970-475f-ae09-428c20fe8394,Practitioner,"{""resourceType"": ""Practitioner"",""id"": ""user0000048"",""meta"": {""extension"": [{""url"": ""fhir-request-method"",""valueString"": ""POST""},{""url"": ""fhir-request-uri"",""valueUri"": ""Practitioner""}],""versionId"": ""45ce6fd3-6970-475f-ae09-428c20fe8394"",""lastUpdated"": ""2015-12-19T14:59:48.802Z""},""telecom"": [{""system"": ""phone"",""value"": ""175-875-6816"",""use"": ""home""},{""system"": ""phone"",""value"": ""885-097-2311"",""use"": ""work""},{""system"": ""phone"",""value"": ""111-926-8889"",""use"": ""mobile""},{""system"": ""email"",""value"": ""Linnie.Bayer17@gmail.com"",""use"": ""home""} ],""role"": [{""code"": {""coding"": [{""system"": ""http://hl7.org/fhir/v2/0286"",""display"": ""General Practitioner"",""code"": ""doctor""} ]},""period"": {""start"": ""2013-07-09""},""organization"": {""reference"": ""Organization/6fec86fd-c2b9-45e3-a926-29dbc5ad4bc0"",""display"": ""culpa voluptatibus""} } ],""name"": [{""family"": [""Howell""],""given"": [""Meredith""],""prefix"": [""Miss""]}]} ",2013-09-12T22:47:17.134Z,2013-09-12T22:47:17.134Z
user0000049,45a78075-c38d-4c9f-aa99-a6b6fea67c96,Practitioner,"{""resourceType"": ""Practitioner"",""id"": ""user0000049"",""meta"": {""extension"": [{""url"": ""fhir-request-method"",""valueString"": ""POST""},{""url"": ""fhir-request-uri"",""valueUri"": ""Practitioner""}],""versionId"": ""45a78075-c38d-4c9f-aa99-a6b6fea67c96"",""lastUpdated"": ""2017-04-28T21:32:19.910Z""},""telecom"": [{""system"": ""phone"",""value"": ""383.288.8383 x3754"",""use"": ""home""},{""system"": ""phone"",""value"": ""739-531-1544 x1322"",""use"": ""work""},{""system"": ""phone"",""value"": ""1-765-407-9923 x00776"",""use"": ""mobile""},{""system"": ""email"",""value"": ""Haven.Steuber@hotmail.com"",""use"": ""home""} ],""role"": [{""code"": {""coding"": [{""system"": ""http://hl7.org/fhir/v2/0286"",""display"": ""General Practitioner"",""code"": ""doctor""} ]},""period"": {""start"": ""2010-06-08""},""organization"": {""reference"": ""Organization/2f300a2e-30de-426d-9292-e982145234a1"",""display"": ""quidem doloremque""} } ],""name"": [{""family"": [""Wunsch""],""given"": [""Gladys""],""prefix"": [""Miss""]}]} ",2009-11-24T23:39:14.429Z,2009-11-24T23:39:14.429Z
user0000050,ae82ed01-b5da-4028-bd18-dc45c74f18a9,Practitioner,"{""resourceType"": ""Practitioner"",""id"": ""user0000050"",""meta"": {""extension"": [{""url"": ""fhir-request-method"",""valueString"": ""POST""},{""url"": ""fhir-request-uri"",""valueUri"": ""Practitioner""}],""versionId"": ""ae82ed01-b5da-4028-bd18-dc45c74f18a9"",""lastUpdated"": ""2017-04-26T06:30:38.555Z""},""telecom"": [{""system"": ""phone"",""value"": ""1-803-434-7938 x903"",""use"": ""home""},{""system"": ""phone"",""value"": ""238.147.8939"",""use"": ""work""},{""system"": ""phone"",""value"": ""1-417-586-2045 x409"",""use"": ""mobile""},{""system"": ""email"",""value"": ""Cary10@gmail.com"",""use"": ""home""} ],""role"": [{""code"": {""coding"": [{""system"": ""http://hl7.org/fhir/v2/0286"",""display"": ""General Practitioner"",""code"": ""doctor""} ]},""period"": {""start"": ""2013-11-29""},""organization"": {""reference"": ""Organization/fd7f676b-4732-4dae-b8e1-27b1d1ac57bc"",""display"": ""accusantium pariatur""} } ],""name"": [{""family"": [""Boehm""],""given"": [""Giovanna""],""prefix"": [""Miss""]}]} ",2010-01-06T10:55:56.834Z,2010-01-06T10:55:56.834Z
user0000051,c3e14f28-1054-4071-8bf9-843003103b37,Practitioner,"{""resourceType"": ""Practitioner"",""id"": ""user0000051"",""meta"": {""extension"": [{""url"": ""fhir-request-method"",""valueString"": ""POST""},{""url"": ""fhir-request-uri"",""valueUri"": ""Practitioner""}],""versionId"": ""c3e14f28-1054-4071-8bf9-843003103b37"",""lastUpdated"": ""2016-11-04T07:15:02.376Z""},""telecom"": [{""system"": ""phone"",""value"": ""894-745-0150 x778"",""use"": ""home""},{""system"": ""phone"",""value"": ""630.812.8796"",""use"": ""work""},{""system"": ""phone"",""value"": ""673.572.7310"",""use"": ""mobile""},{""system"": ""email"",""value"": ""Domenic92@hotmail.com"",""use"": ""home""} ],""role"": [{""code"": {""coding"": [{""system"": ""http://hl7.org/fhir/v2/0286"",""display"": ""General Practitioner"",""code"": ""doctor""} ]},""period"": {""start"": ""2010-03-13""},""organization"": {""reference"": ""Organization/033a7439-f82c-4042-9036-d7db8c0678ef"",""display"": ""excepturi ea""} } ],""name"": [{""family"": [""Jacobs""],""given"": [""Mathew""],""prefix"": [""Dr.""]}]} ",2010-06-13T21:22:28.119Z,2010-06-13T21:22:28.119Z
user0000052,4a5f2bf0-a4cd-44a4-af12-0c5e1d490f14,Practitioner,"{""resourceType"": ""Practitioner"",""id"": ""user0000052"",""meta"": {""extension"": [{""url"": ""fhir-request-method"",""valueString"": ""POST""},{""url"": ""fhir-request-uri"",""valueUri"": ""Practitioner""}],""versionId"": ""4a5f2bf0-a4cd-44a4-af12-0c5e1d490f14"",""lastUpdated"": ""2016-09-16T03:03:27.790Z""},""telecom"": [{""system"": ""phone"",""value"": ""1-732-911-5347 x195"",""use"": ""home""},{""system"": ""phone"",""value"": ""949-918-6267 x95472"",""use"": ""work""},{""system"": ""phone"",""value"": ""1-547-017-7455 x1607"",""use"": ""mobile""},{""system"": ""email"",""value"": ""Gracie_Doyle22@hotmail.com"",""use"": ""home""} ],""role"": [{""code"": {""coding"": [{""system"": ""http://hl7.org/fhir/v2/0286"",""display"": ""General Practitioner"",""code"": ""doctor""} ]},""period"": {""start"": ""2010-09-08""},""organization"": {""reference"": ""Organization/eaee9178-632d-406b-8c36-374593fbc645"",""display"": ""totam delectus""} } ],""name"": [{""family"": [""Schmitt""],""given"": [""Annetta""],""prefix"": [""Dr.""]}]} ",2011-08-14T05:48:23.704Z,2011-08-14T05:48:23.704Z
user0000053,0505604f-4e58-4ff1-920a-e967f4e46c58,Practitioner,"{""resourceType"": ""Practitioner"",""id"": ""user0000053"",""meta"": {""extension"": [{""url"": ""fhir-request-method"",""valueString"": ""POST""},{""url"": ""fhir-request-uri"",""valueUri"": ""Practitioner""}],""versionId"": ""0505604f-4e58-4ff1-920a-e967f4e46c58"",""lastUpdated"": ""2015-11-14T22:37:53.788Z""},""telecom"": [{""system"": ""phone"",""value"": ""1-414-246-1649"",""use"": ""home""},{""system"": ""phone"",""value"": ""830.583.3828 x52757"",""use"": ""work""},{""system"": ""phone"",""value"": ""1-805-405-6328 x352"",""use"": ""mobile""},{""system"": ""email"",""value"": ""Drake.VonRueden2@yahoo.com"",""use"": ""home""} ],""role"": [{""code"": {""coding"": [{""system"": ""http://hl7.org/fhir/v2/0286"",""display"": ""General Practitioner"",""code"": ""doctor""} ]},""period"": {""start"": ""2012-03-04""},""organization"": {""reference"": ""Organization/869d10f5-bcf1-41b1-b2ec-d349481d6ab7"",""display"": ""eveniet et""} } ],""name"": [{""family"": [""Shields""],""given"": [""Ubaldo""],""prefix"": [""Miss""]}]} ",2013-08-09T20:04:14.955Z,2013-08-09T20:04:14.955Z
user0000054,f156481b-1ae2-4683-9c8c-6e5f37147082,Practitioner,"{""resourceType"": ""Practitioner"",""id"": ""user0000054"",""meta"": {""extension"": [{""url"": ""fhir-request-method"",""valueString"": ""POST""},{""url"": ""fhir-request-uri"",""valueUri"": ""Practitioner""}],""versionId"": ""f156481b-1ae2-4683-9c8c-6e5f37147082"",""lastUpdated"": ""2017-05-17T06:14:13.424Z""},""telecom"": [{""system"": ""phone"",""value"": ""122-795-9644 x113"",""use"": ""home""},{""system"": ""phone"",""value"": ""(631) 879-3475 x4061"",""use"": ""work""},{""system"": ""phone"",""value"": ""(229) 053-0359"",""use"": ""mobile""},{""system"": ""email"",""value"": ""Adrienne.Collier@gmail.com"",""use"": ""home""} ],""role"": [{""code"": {""coding"": [{""system"": ""http://hl7.org/fhir/v2/0286"",""display"": ""General Practitioner"",""code"": ""doctor""} ]},""period"": {""start"": ""2009-05-14""},""organization"": {""reference"": ""Organization/4d234be0-8202-45c8-a2f7-94957f1ecda1"",""display"": ""sed accusantium""} } ],""name"": [{""family"": [""Padberg""],""given"": [""Omer""],""prefix"": [""Dr.""]}]} ",2014-04-18T13:53:05.096Z,2014-04-18T13:53:05.096Z
user0000055,c8b43f6b-8295-419b-9d24-f90aca6db6fa,Practitioner,"{""resourceType"": ""Practitioner"",""id"": ""user0000055"",""meta"": {""extension"": [{""url"": ""fhir-request-method"",""valueString"": ""POST""},{""url"": ""fhir-request-uri"",""valueUri"": ""Practitioner""}],""versionId"": ""c8b43f6b-8295-419b-9d24-f90aca6db6fa"",""lastUpdated"": ""2015-11-10T12:11:49.571Z""},""telecom"": [{""system"": ""phone"",""value"": ""1-515-482-0570"",""use"": ""home""},{""system"": ""phone"",""value"": ""(702) 341-5936 x8648"",""use"": ""work""},{""system"": ""phone"",""value"": ""(198) 553-0221 x5073"",""use"": ""mobile""},{""system"": ""email"",""value"": ""Luis_Murazik@yahoo.com"",""use"": ""home""} ],""role"": [{""code"": {""coding"": [{""system"": ""http://hl7.org/fhir/v2/0286"",""display"": ""General Practitioner"",""code"": ""doctor""} ]},""period"": {""start"": ""2012-12-07""},""organization"": {""reference"": ""Organization/8b943f26-0f82-4935-ae43-69e13a358aca"",""display"": ""distinctio error""} } ],""name"": [{""family"": [""Hirthe""],""given"": [""Barton""],""prefix"": [""Mr.""]}]} ",2009-07-01T14:36:07.153Z,2009-07-01T14:36:07.153Z
user0000056,a6259e8b-c43c-45ab-a422-a11674dffe6a,Practitioner,"{""resourceType"": ""Practitioner"",""id"": ""user0000056"",""meta"": {""extension"": [{""url"": ""fhir-request-method"",""valueString"": ""POST""},{""url"": ""fhir-request-uri"",""valueUri"": ""Practitioner""}],""versionId"": ""a6259e8b-c43c-45ab-a422-a11674dffe6a"",""lastUpdated"": ""2017-04-06T03:06:25.256Z""},""telecom"": [{""system"": ""phone"",""value"": ""(997) 976-6937 x00546"",""use"": ""home""},{""system"": ""phone"",""value"": ""521-799-3228"",""use"": ""work""},{""system"": ""phone"",""value"": ""1-920-776-7296 x472"",""use"": ""mobile""},{""system"": ""email"",""value"": ""Nelson.Kautzer49@yahoo.com"",""use"": ""home""} ],""role"": [{""code"": {""coding"": [{""system"": ""http://hl7.org/fhir/v2/0286"",""display"": ""General Practitioner"",""code"": ""doctor""} ]},""period"": {""start"": ""2013-05-01""},""organization"": {""reference"": ""Organization/eaee9178-632d-406b-8c36-374593fbc645"",""display"": ""tempora facere""} } ],""name"": [{""family"": [""Ratke""],""given"": [""Abdiel""],""prefix"": [""Miss""]}]} ",2014-07-24T07:35:39.944Z,2014-07-24T07:35:39.944Z
user0000057,02395fd4-5aec-45a5-be8a-635be14772b9,Practitioner,"{""resourceType"": ""Practitioner"",""id"": ""user0000057"",""meta"": {""extension"": [{""url"": ""fhir-request-method"",""valueString"": ""POST""},{""url"": ""fhir-request-uri"",""valueUri"": ""Practitioner""}],""versionId"": ""02395fd4-5aec-45a5-be8a-635be14772b9"",""lastUpdated"": ""2015-10-13T13:02:37.019Z""},""telecom"": [{""system"": ""phone"",""value"": ""447-661-8870"",""use"": ""home""},{""system"": ""phone"",""value"": ""(479) 863-4928"",""use"": ""work""},{""system"": ""phone"",""value"": ""(475) 686-3963 x023"",""use"": ""mobile""},{""system"": ""email"",""value"": ""Brendon.Gislason23@yahoo.com"",""use"": ""home""} ],""role"": [{""code"": {""coding"": [{""system"": ""http://hl7.org/fhir/v2/0286"",""display"": ""General Practitioner"",""code"": ""doctor""} ]},""period"": {""start"": ""2014-09-26""},""organization"": {""reference"": ""Organization/869d10f5-bcf1-41b1-b2ec-d349481d6ab7"",""display"": ""possimus animi""} } ],""name"": [{""family"": [""Waelchi""],""given"": [""Rodrigo""],""prefix"": [""Dr.""]}]} ",2016-06-04T10:33:39.857Z,2016-06-04T10:33:39.857Z
user0000058,03ee42e0-8626-4a07-8263-165a44c919b2,Practitioner,"{""resourceType"": ""Practitioner"",""id"": ""user0000058"",""meta"": {""extension"": [{""url"": ""fhir-request-method"",""valueString"": ""POST""},{""url"": ""fhir-request-uri"",""valueUri"": ""Practitioner""}],""versionId"": ""03ee42e0-8626-4a07-8263-165a44c919b2"",""lastUpdated"": ""2017-06-22T09:41:05.712Z""},""telecom"": [{""system"": ""phone"",""value"": ""263.457.1195 x2831"",""use"": ""home""},{""system"": ""phone"",""value"": ""851.196.9661"",""use"": ""work""},{""system"": ""phone"",""value"": ""(092) 569-3591"",""use"": ""mobile""},{""system"": ""email"",""value"": ""Lessie_Durgan@hotmail.com"",""use"": ""home""} ],""role"": [{""code"": {""coding"": [{""system"": ""http://hl7.org/fhir/v2/0286"",""display"": ""General Practitioner"",""code"": ""doctor""} ]},""period"": {""start"": ""2008-03-09""},""organization"": {""reference"": ""Organization/9091f57d-1f8d-4f0c-885b-60c7ccf4cd4b"",""display"": ""aut quo""} } ],""name"": [{""family"": [""Dickens""],""given"": [""Bulah""],""prefix"": [""Ms.""]}]} ",2009-10-07T12:24:37.782Z,2009-10-07T12:24:37.782Z
user0000059,f31f23bb-1fa5-4824-b35a-79d07ea847e0,Practitioner,"{""resourceType"": ""Practitioner"",""id"": ""user0000059"",""meta"": {""extension"": [{""url"": ""fhir-request-method"",""valueString"": ""POST""},{""url"": ""fhir-request-uri"",""valueUri"": ""Practitioner""}],""versionId"": ""f31f23bb-1fa5-4824-b35a-79d07ea847e0"",""lastUpdated"": ""2017-02-08T06:16:12.337Z""},""telecom"": [{""system"": ""phone"",""value"": ""001-254-1074"",""use"": ""home""},{""system"": ""phone"",""value"": ""674.420.6494 x225"",""use"": ""work""},{""system"": ""phone"",""value"": ""829.616.1208"",""use"": ""mobile""},{""system"": ""email"",""value"": ""Emmalee71@yahoo.com"",""use"": ""home""} ],""role"": [{""code"": {""coding"": [{""system"": ""http://hl7.org/fhir/v2/0286"",""display"": ""General Practitioner"",""code"": ""doctor""} ]},""period"": {""start"": ""2014-10-28""},""organization"": {""reference"": ""Organization/869d10f5-bcf1-41b1-b2ec-d349481d6ab7"",""display"": ""et voluptas""} } ],""name"": [{""family"": [""McCullough""],""given"": [""Ida""],""prefix"": [""Mr.""]}]} ",2017-02-01T13:16:43.948Z,2017-02-01T13:16:43.948Z
user0000060,43fca542-2761-4b5b-8099-39ef9b95ffa7,Practitioner,"{""resourceType"": ""Practitioner"",""id"": ""user0000060"",""meta"": {""extension"": [{""url"": ""fhir-request-method"",""valueString"": ""POST""},{""url"": ""fhir-request-uri"",""valueUri"": ""Practitioner""}],""versionId"": ""43fca542-2761-4b5b-8099-39ef9b95ffa7"",""lastUpdated"": ""2017-01-02T08:13:46.072Z""},""telecom"": [{""system"": ""phone"",""value"": ""1-386-885-1977"",""use"": ""home""},{""system"": ""phone"",""value"": ""602-866-2560 x924"",""use"": ""work""},{""system"": ""phone"",""value"": ""212-726-1761 x013"",""use"": ""mobile""},{""system"": ""email"",""value"": ""Rupert_Stoltenberg@yahoo.com"",""use"": ""home""} ],""role"": [{""code"": {""coding"": [{""system"": ""http://hl7.org/fhir/v2/0286"",""display"": ""General Practitioner"",""code"": ""doctor""} ]},""period"": {""start"": ""2009-10-28""},""organization"": {""reference"": ""Organization/033a7439-f82c-4042-9036-d7db8c0678ef"",""display"": ""quo at""} } ],""name"": [{""family"": [""Balistreri""],""given"": [""Brennon""],""prefix"": [""Dr.""]}]} ",2016-04-20T02:30:29.790Z,2016-04-20T02:30:29.790Z
user0000061,df8603e9-3d4f-4c77-ac97-cd275b2b44ae,Practitioner,"{""resourceType"": ""Practitioner"",""id"": ""user0000061"",""meta"": {""extension"": [{""url"": ""fhir-request-method"",""valueString"": ""POST""},{""url"": ""fhir-request-uri"",""valueUri"": ""Practitioner""}],""versionId"": ""df8603e9-3d4f-4c77-ac97-cd275b2b44ae"",""lastUpdated"": ""2016-01-10T09:41:37.959Z""},""telecom"": [{""system"": ""phone"",""value"": ""746.873.0517"",""use"": ""home""},{""system"": ""phone"",""value"": ""(607) 390-8762 x6833"",""use"": ""work""},{""system"": ""phone"",""value"": ""(791) 982-8957 x0712"",""use"": ""mobile""},{""system"": ""email"",""value"": ""Gisselle13@gmail.com"",""use"": ""home""} ],""role"": [{""code"": {""coding"": [{""system"": ""http://hl7.org/fhir/v2/0286"",""display"": ""General Practitioner"",""code"": ""doctor""} ]},""period"": {""start"": ""2010-05-23""},""organization"": {""reference"": ""Organization/2f300a2e-30de-426d-9292-e982145234a1"",""display"": ""nam tempore""} } ],""name"": [{""family"": [""Wyman""],""given"": [""Leonie""],""prefix"": [""Miss""]}]} ",2008-09-19T08:24:38.305Z,2008-09-19T08:24:38.305Z
user0000062,0e1d2e77-9fa8-47d3-b122-308ba7806f15,Practitioner,"{""resourceType"": ""Practitioner"",""id"": ""user0000062"",""meta"": {""extension"": [{""url"": ""fhir-request-method"",""valueString"": ""POST""},{""url"": ""fhir-request-uri"",""valueUri"": ""Practitioner""}],""versionId"": ""0e1d2e77-9fa8-47d3-b122-308ba7806f15"",""lastUpdated"": ""2015-11-14T23:59:39.769Z""},""telecom"": [{""system"": ""phone"",""value"": ""(583) 641-4553 x0204"",""use"": ""home""},{""system"": ""phone"",""value"": ""951-446-5623 x9305"",""use"": ""work""},{""system"": ""phone"",""value"": ""584-778-4924 x2501"",""use"": ""mobile""},{""system"": ""email"",""value"": ""Kayley_Dicki@hotmail.com"",""use"": ""home""} ],""role"": [{""code"": {""coding"": [{""system"": ""http://hl7.org/fhir/v2/0286"",""display"": ""General Practitioner"",""code"": ""doctor""} ]},""period"": {""start"": ""2016-02-18""},""organization"": {""reference"": ""Organization/eaee9178-632d-406b-8c36-374593fbc645"",""display"": ""ullam et""} } ],""name"": [{""family"": [""Ledner""],""given"": [""Damien""],""prefix"": [""Mrs.""]}]} ",2008-11-05T06:32:50.563Z,2008-11-05T06:32:50.563Z
user0000063,9e090064-33fe-4532-918b-54a96adf846f,Practitioner,"{""resourceType"": ""Practitioner"",""id"": ""user0000063"",""meta"": {""extension"": [{""url"": ""fhir-request-method"",""valueString"": ""POST""},{""url"": ""fhir-request-uri"",""valueUri"": ""Practitioner""}],""versionId"": ""9e090064-33fe-4532-918b-54a96adf846f"",""lastUpdated"": ""2016-06-27T13:07:31.455Z""},""telecom"": [{""system"": ""phone"",""value"": ""753.246.0418 x00798"",""use"": ""home""},{""system"": ""phone"",""value"": ""732.037.4098 x2847"",""use"": ""work""},{""system"": ""phone"",""value"": ""927.754.8318 x69102"",""use"": ""mobile""},{""system"": ""email"",""value"": ""Chloe_Parisian62@yahoo.com"",""use"": ""home""} ],""role"": [{""code"": {""coding"": [{""system"": ""http://hl7.org/fhir/v2/0286"",""display"": ""General Practitioner"",""code"": ""doctor""} ]},""period"": {""start"": ""2016-09-13""},""organization"": {""reference"": ""Organization/9091f57d-1f8d-4f0c-885b-60c7ccf4cd4b"",""display"": ""optio quo""} } ],""name"": [{""family"": [""Orn""],""given"": [""Jordy""],""prefix"": [""Dr.""]}]} ",2012-03-06T15:19:06.516Z,2012-03-06T15:19:06.516Z
user0000064,7da1422f-90f5-4900-9957-e7864ecb11c0,Practitioner,"{""resourceType"": ""Practitioner"",""id"": ""user0000064"",""meta"": {""extension"": [{""url"": ""fhir-request-method"",""valueString"": ""POST""},{""url"": ""fhir-request-uri"",""valueUri"": ""Practitioner""}],""versionId"": ""7da1422f-90f5-4900-9957-e7864ecb11c0"",""lastUpdated"": ""2016-04-29T07:10:17.951Z""},""telecom"": [{""system"": ""phone"",""value"": ""742-553-5356"",""use"": ""home""},{""system"": ""phone"",""value"": ""1-606-493-5054 x6388"",""use"": ""work""},{""system"": ""phone"",""value"": ""813-324-2846 x4650"",""use"": ""mobile""},{""system"": ""email"",""value"": ""Maurine.Johns63@gmail.com"",""use"": ""home""} ],""role"": [{""code"": {""coding"": [{""system"": ""http://hl7.org/fhir/v2/0286"",""display"": ""General Practitioner"",""code"": ""doctor""} ]},""period"": {""start"": ""2012-06-15""},""organization"": {""reference"": ""Organization/033a7439-f82c-4042-9036-d7db8c0678ef"",""display"": ""et voluptate""} } ],""name"": [{""family"": [""Wuckert""],""given"": [""Barrett""],""prefix"": [""Ms.""]}]} ",2017-04-10T11:43:42.811Z,2017-04-10T11:43:42.811Z
user0000065,dcf6f3eb-7741-43d7-9e41-bfdcf1bc39bc,Practitioner,"{""resourceType"": ""Practitioner"",""id"": ""user0000065"",""meta"": {""extension"": [{""url"": ""fhir-request-method"",""valueString"": ""POST""},{""url"": ""fhir-request-uri"",""valueUri"": ""Practitioner""}],""versionId"": ""dcf6f3eb-7741-43d7-9e41-bfdcf1bc39bc"",""lastUpdated"": ""2016-07-27T12:17:51.605Z""},""telecom"": [{""system"": ""phone"",""value"": ""1-948-638-7944 x029"",""use"": ""home""},{""system"": ""phone"",""value"": ""653-716-5301 x7279"",""use"": ""work""},{""system"": ""phone"",""value"": ""1-804-071-6606"",""use"": ""mobile""},{""system"": ""email"",""value"": ""Newell_Tremblay37@yahoo.com"",""use"": ""home""} ],""role"": [{""code"": {""coding"": [{""system"": ""http://hl7.org/fhir/v2/0286"",""display"": ""General Practitioner"",""code"": ""doctor""} ]},""period"": {""start"": ""2009-12-09""},""organization"": {""reference"": ""Organization/eaee9178-632d-406b-8c36-374593fbc645"",""display"": ""est delectus""} } ],""name"": [{""family"": [""Witting""],""given"": [""Quincy""],""prefix"": [""Dr.""]}]} ",2011-12-19T05:22:23.972Z,2011-12-19T05:22:23.972Z
user0000066,7e384226-a945-4bc3-ad04-b7cd2576b91d,Practitioner,"{""resourceType"": ""Practitioner"",""id"": ""user0000066"",""meta"": {""extension"": [{""url"": ""fhir-request-method"",""valueString"": ""POST""},{""url"": ""fhir-request-uri"",""valueUri"": ""Practitioner""}],""versionId"": ""7e384226-a945-4bc3-ad04-b7cd2576b91d"",""lastUpdated"": ""2016-04-29T18:16:31.169Z""},""telecom"": [{""system"": ""phone"",""value"": ""798-686-9317"",""use"": ""home""},{""system"": ""phone"",""value"": ""186.265.6972"",""use"": ""work""},{""system"": ""phone"",""value"": ""(906) 149-0750 x95627"",""use"": ""mobile""},{""system"": ""email"",""value"": ""Aiden55@hotmail.com"",""use"": ""home""} ],""role"": [{""code"": {""coding"": [{""system"": ""http://hl7.org/fhir/v2/0286"",""display"": ""General Practitioner"",""code"": ""doctor""} ]},""period"": {""start"": ""2014-03-23""},""organization"": {""reference"": ""Organization/de3da210-8139-461c-ba2a-b0fc21a69de6"",""display"": ""assumenda pariatur""} } ],""name"": [{""family"": [""Corwin""],""given"": [""Gabriel""],""prefix"": [""Dr.""]}]} ",2008-09-10T02:45:08.081Z,2008-09-10T02:45:08.081Z
user0000067,0b8699e0-dda0-407c-93f3-65cfc274def8,Practitioner,"{""resourceType"": ""Practitioner"",""id"": ""user0000067"",""meta"": {""extension"": [{""url"": ""fhir-request-method"",""valueString"": ""POST""},{""url"": ""fhir-request-uri"",""valueUri"": ""Practitioner""}],""versionId"": ""0b8699e0-dda0-407c-93f3-65cfc274def8"",""lastUpdated"": ""2017-01-22T16:14:39.290Z""},""telecom"": [{""system"": ""phone"",""value"": ""262-621-7776"",""use"": ""home""},{""system"": ""phone"",""value"": ""366-198-6101"",""use"": ""work""},{""system"": ""phone"",""value"": ""920-407-0213"",""use"": ""mobile""},{""system"": ""email"",""value"": ""Claude_Zboncak26@hotmail.com"",""use"": ""home""} ],""role"": [{""code"": {""coding"": [{""system"": ""http://hl7.org/fhir/v2/0286"",""display"": ""General Practitioner"",""code"": ""doctor""} ]},""period"": {""start"": ""2016-11-12""},""organization"": {""reference"": ""Organization/8b943f26-0f82-4935-ae43-69e13a358aca"",""display"": ""deserunt qui""} } ],""name"": [{""family"": [""Runte""],""given"": [""Lysanne""],""prefix"": [""Miss""]}]} ",2016-01-07T21:45:13.430Z,2016-01-07T21:45:13.430Z
user0000068,f4dc9418-6d44-4b02-b84b-6c946d862929,Practitioner,"{""resourceType"": ""Practitioner"",""id"": ""user0000068"",""meta"": {""extension"": [{""url"": ""fhir-request-method"",""valueString"": ""POST""},{""url"": ""fhir-request-uri"",""valueUri"": ""Practitioner""}],""versionId"": ""f4dc9418-6d44-4b02-b84b-6c946d862929"",""lastUpdated"": ""2017-07-13T20:17:34.660Z""},""telecom"": [{""system"": ""phone"",""value"": ""967.223.2428"",""use"": ""home""},{""system"": ""phone"",""value"": ""1-632-929-6578"",""use"": ""work""},{""system"": ""phone"",""value"": ""1-891-704-9452 x8133"",""use"": ""mobile""},{""system"": ""email"",""value"": ""Luisa_Rau9@yahoo.com"",""use"": ""home""} ],""role"": [{""code"": {""coding"": [{""system"": ""http://hl7.org/fhir/v2/0286"",""display"": ""General Practitioner"",""code"": ""doctor""} ]},""period"": {""start"": ""2010-02-26""},""organization"": {""reference"": ""Organization/2f300a2e-30de-426d-9292-e982145234a1"",""display"": ""quos eum""} } ],""name"": [{""family"": [""Prosacco""],""given"": [""Edmond""],""prefix"": [""Miss""]}]} ",2012-09-30T12:15:29.895Z,2012-09-30T12:15:29.895Z
user0000069,4215f15c-08ab-4146-804a-c81b9f96b205,Practitioner,"{""resourceType"": ""Practitioner"",""id"": ""user0000069"",""meta"": {""extension"": [{""url"": ""fhir-request-method"",""valueString"": ""POST""},{""url"": ""fhir-request-uri"",""valueUri"": ""Practitioner""}],""versionId"": ""4215f15c-08ab-4146-804a-c81b9f96b205"",""lastUpdated"": ""2016-06-15T02:41:49.370Z""},""telecom"": [{""system"": ""phone"",""value"": ""(849) 585-9969 x85899"",""use"": ""home""},{""system"": ""phone"",""value"": ""576.801.5884 x9956"",""use"": ""work""},{""system"": ""phone"",""value"": ""1-510-817-9313 x2587"",""use"": ""mobile""},{""system"": ""email"",""value"": ""Amy_Batz@gmail.com"",""use"": ""home""} ],""role"": [{""code"": {""coding"": [{""system"": ""http://hl7.org/fhir/v2/0286"",""display"": ""General Practitioner"",""code"": ""doctor""} ]},""period"": {""start"": ""2009-01-15""},""organization"": {""reference"": ""Organization/8855bfb2-06ce-4b86-bd1f-610cea122f9e"",""display"": ""velit aut""} } ],""name"": [{""family"": [""Corwin""],""given"": [""Cloyd""],""prefix"": [""Mr.""]}]} ",2015-08-11T19:42:14.144Z,2015-08-11T19:42:14.144Z
user0000070,1697826d-8c2d-47b5-b61b-c7b249e7ab46,Practitioner,"{""resourceType"": ""Practitioner"",""id"": ""user0000070"",""meta"": {""extension"": [{""url"": ""fhir-request-method"",""valueString"": ""POST""},{""url"": ""fhir-request-uri"",""valueUri"": ""Practitioner""}],""versionId"": ""1697826d-8c2d-47b5-b61b-c7b249e7ab46"",""lastUpdated"": ""2016-10-11T12:13:30.371Z""},""telecom"": [{""system"": ""phone"",""value"": ""(369) 252-6045 x346"",""use"": ""home""},{""system"": ""phone"",""value"": ""(345) 165-0472 x356"",""use"": ""work""},{""system"": ""phone"",""value"": ""1-503-409-2067"",""use"": ""mobile""},{""system"": ""email"",""value"": ""Hilma.Auer@hotmail.com"",""use"": ""home""} ],""role"": [{""code"": {""coding"": [{""system"": ""http://hl7.org/fhir/v2/0286"",""display"": ""General Practitioner"",""code"": ""doctor""} ]},""period"": {""start"": ""2015-08-11""},""organization"": {""reference"": ""Organization/de3da210-8139-461c-ba2a-b0fc21a69de6"",""display"": ""incidunt et""} } ],""name"": [{""family"": [""Braun""],""given"": [""Ofelia""],""prefix"": [""Ms.""]}]} ",2015-02-17T14:05:27.327Z,2015-02-17T14:05:27.327Z
